UserID,UserName,Age,Gender,Email,AgeGroup,EnrollmentCount,LearnerSegment
U00001,wilsonjordan,15,Male,patricia27@hotmail.com,<18,1,Single-course
U00002,angela22,29,Female,hallrandy@hotmail.com,26-35,1,Single-course
U00003,morrisonamanda,33,Female,ganderson@yahoo.com,26-35,11,Highly Active
U00004,fthornton,23,Female,christensencatherine@outlook.com,18-25,13,Highly Active
U00005,fostergeoffrey,21,Male,karenfuentes@yahoo.com,18-25,2,Moderate
U00006,jacksonjose,21,Male,wilsonnatalie@outlook.com,18-25,1,Single-course
U00007,grodriguez,24,Male,lopezjoseph@gmail.com,18-25,1,Single-course
U00008,adkinsapril,33,Female,sanfordtaylor@gmail.com,26-35,1,Single-course
U00009,heathercallahan,20,Female,chelseastephenson@outlook.com,18-25,1,Single-course
U00010,qlam,34,Female,brian31@outlook.com,26-35,2,Moderate
U00011,ashley16,15,Female,guzmanantonio@outlook.com,<18,2,Moderate
U00012,mirandatimothy,15,Female,paula93@outlook.com,<18,2,Moderate
U00013,cherrykathleen,33,Female,michelewatkins@outlook.com,26-35,14,Highly Active
U00014,huertatimothy,30,Male,gabrielanderson@yahoo.com,26-35,1,Single-course
U00015,tbaker,27,Female,kelly33@yahoo.com,26-35,14,Highly Active
U00016,josephmullins,32,Male,amysparks@outlook.com,26-35,1,Single-course
U00017,theresa55,24,Male,pachecojeremy@gmail.com,18-25,3,Moderate
U00018,nicole97,24,Female,aprilharrell@hotmail.com,18-25,16,Highly Active
U00019,rlawson,24,Female,kingjulia@gmail.com,18-25,1,Single-course
U00020,evansmichael,27,Female,eharris@hotmail.com,26-35,1,Single-course
U00021,autumn63,15,Male,julieestrada@hotmail.com,<18,2,Moderate
U00022,patriciaadkins,31,Male,thomas63@hotmail.com,26-35,1,Single-course
U00023,micheal78,32,Male,ashleymorris@yahoo.com,26-35,1,Single-course
U00024,steven43,18,Female,petersonlori@yahoo.com,18-25,1,Single-course
U00025,georgewhite,34,Male,jamesbradshaw@hotmail.com,26-35,4,Moderate
U00026,andrew02,19,Male,jason57@yahoo.com,18-25,1,Single-course
U00027,hunter32,31,Male,ronaldthomas@yahoo.com,26-35,2,Moderate
U00028,zgomez,30,Female,rwhitaker@outlook.com,26-35,12,Highly Active
U00029,hartmanjon,30,Male,nicole88@gmail.com,26-35,1,Single-course
U00030,david76,34,Male,robert64@outlook.com,26-35,1,Single-course
U00031,lovedavid,30,Male,fbooth@yahoo.com,26-35,1,Single-course
U00032,veronica83,18,Male,andrea24@yahoo.com,18-25,1,Single-course
U00033,rodrigueznatalie,25,Male,linda50@gmail.com,18-25,1,Single-course
U00034,ilopez,32,Female,scottwatts@yahoo.com,26-35,2,Moderate
U00035,chernandez,32,Male,bryangilbert@yahoo.com,26-35,1,Single-course
U00036,coxmichael,24,Female,leonardkimberly@hotmail.com,18-25,1,Single-course
U00037,lisabraun,31,Female,ericbrown@hotmail.com,26-35,2,Moderate
U00038,williamselizabeth,35,Male,kpham@gmail.com,26-35,1,Single-course
U00039,blackdanielle,16,Female,michaelfrederick@yahoo.com,<18,1,Single-course
U00040,briannamurphy,15,Male,ohobbs@gmail.com,<18,1,Single-course
U00041,april65,19,Female,imccarthy@yahoo.com,18-25,2,Moderate
U00042,christopher62,32,Male,patrickterrance@outlook.com,26-35,1,Single-course
U00043,tommy21,31,Male,gordonhenry@hotmail.com,26-35,1,Single-course
U00044,rileyapril,19,Male,wagnermichael@hotmail.com,18-25,1,Single-course
U00045,rodneystevens,23,Female,mitchellwilliam@yahoo.com,18-25,14,Highly Active
U00046,usimpson,29,Female,hmarquez@hotmail.com,26-35,2,Moderate
U00047,westbrian,34,Male,lclark@outlook.com,26-35,1,Single-course
U00048,willie71,19,Male,zgarza@hotmail.com,18-25,13,Highly Active
U00049,nclark,32,Male,thomaskenneth@gmail.com,26-35,1,Single-course
U00050,rewing,33,Male,syoung@gmail.com,26-35,1,Single-course
U00051,crystal12,32,Female,bonnie35@gmail.com,26-35,1,Single-course
U00052,daniel48,25,Female,tweber@gmail.com,18-25,1,Single-course
U00053,tara07,34,Female,bergertimothy@hotmail.com,26-35,1,Single-course
U00054,jessicaparker,22,Female,rosslindsey@hotmail.com,18-25,1,Single-course
U00055,hallandrea,31,Female,michelle73@gmail.com,26-35,16,Highly Active
U00056,vcrawford,22,Female,markfinley@gmail.com,18-25,2,Moderate
U00057,thomasrobin,18,Male,cedwards@yahoo.com,18-25,1,Single-course
U00058,egomez,30,Female,jimmymurphy@outlook.com,26-35,1,Single-course
U00059,elizabeth16,32,Male,andersonmadison@gmail.com,26-35,1,Single-course
U00060,albert28,26,Male,stephanie43@yahoo.com,26-35,4,Moderate
U00061,vincent12,32,Female,yscott@outlook.com,26-35,1,Single-course
U00062,howenathaniel,28,Female,tbrown@yahoo.com,26-35,1,Single-course
U00063,lisawong,34,Female,denise33@outlook.com,26-35,2,Moderate
U00064,donnabarker,33,Female,gellis@yahoo.com,26-35,1,Single-course
U00065,michaelcurtis,29,Male,brownrobert@hotmail.com,26-35,1,Single-course
U00066,wwest,26,Female,gomezkatherine@gmail.com,26-35,1,Single-course
U00067,jessica24,28,Female,gardnerjohnny@hotmail.com,26-35,1,Single-course
U00068,marshmichelle,32,Male,mcoleman@outlook.com,26-35,1,Single-course
U00069,gainesandrew,27,Female,woodashley@outlook.com,26-35,2,Moderate
U00070,mgonzales,25,Female,vwang@gmail.com,18-25,2,Moderate
U00071,kevin94,30,Female,gonzalezchristine@hotmail.com,26-35,14,Highly Active
U00072,hallanthony,17,Female,sharon51@hotmail.com,<18,1,Single-course
U00073,katie83,16,Male,lydia56@gmail.com,<18,1,Single-course
U00074,nunezapril,19,Male,hancocksteven@hotmail.com,18-25,3,Moderate
U00075,hfarley,22,Male,torresshawn@hotmail.com,18-25,1,Single-course
U00076,justinwatkins,34,Male,amyanderson@hotmail.com,26-35,4,Moderate
U00077,shannon49,20,Male,shane75@yahoo.com,18-25,1,Single-course
U00078,ahouston,32,Female,ashleywalker@outlook.com,26-35,1,Single-course
U00079,aburke,28,Male,stoutdylan@outlook.com,26-35,1,Single-course
U00080,mortonandrew,35,Female,cindycox@yahoo.com,26-35,1,Single-course
U00081,smithdanny,18,Female,martinrhonda@yahoo.com,18-25,1,Single-course
U00082,susankidd,31,Male,jasonhicks@yahoo.com,26-35,1,Single-course
U00083,james92,16,Male,kconrad@gmail.com,<18,15,Highly Active
U00084,xperez,20,Male,ericafrank@yahoo.com,18-25,1,Single-course
U00085,scottluna,22,Female,adam86@yahoo.com,18-25,13,Highly Active
U00086,nicole62,27,Female,anewton@yahoo.com,26-35,4,Moderate
U00087,sjoseph,19,Female,jacqueline74@yahoo.com,18-25,3,Moderate
U00088,tgarcia,23,Male,debrawilson@yahoo.com,18-25,1,Single-course
U00089,austinspears,30,Male,browningjennifer@hotmail.com,26-35,1,Single-course
U00090,sethchavez,34,Male,teresa45@outlook.com,26-35,1,Single-course
U00091,joseph88,35,Male,owenspatricia@gmail.com,26-35,1,Single-course
U00092,carl44,31,Male,sabrina47@yahoo.com,26-35,4,Moderate
U00093,sextonelizabeth,16,Male,thomas52@gmail.com,<18,1,Single-course
U00094,qtaylor,27,Male,vasquezdavid@yahoo.com,26-35,1,Single-course
U00095,ojohnson,20,Male,chloe04@yahoo.com,18-25,1,Single-course
U00096,wesley99,34,Female,xdavis@hotmail.com,26-35,4,Moderate
U00097,donnawilliams,25,Male,guzmanchristine@gmail.com,18-25,2,Moderate
U00098,sarah43,31,Male,natasha16@yahoo.com,26-35,1,Single-course
U00099,wharrison,29,Female,robertsshawn@yahoo.com,26-35,1,Single-course
U00100,swallace,32,Female,douglascampbell@outlook.com,26-35,1,Single-course
U00101,rosejames,15,Female,wilcoxrita@yahoo.com,<18,1,Single-course
U00102,vweiss,32,Male,cherylking@yahoo.com,26-35,1,Single-course
U00103,felicia29,30,Female,ssims@hotmail.com,26-35,1,Single-course
U00104,diazsara,19,Male,mosschad@yahoo.com,18-25,1,Single-course
U00105,smithjacqueline,27,Male,robinfranklin@outlook.com,26-35,1,Single-course
U00106,sharonmurphy,19,Male,cathy60@yahoo.com,18-25,2,Moderate
U00107,hayley84,18,Female,wwood@hotmail.com,18-25,1,Single-course
U00108,jowen,32,Male,jasonjordan@yahoo.com,26-35,2,Moderate
U00109,amyschmidt,15,Female,alicia06@yahoo.com,<18,14,Highly Active
U00110,thorntondaniel,26,Female,kellywilson@hotmail.com,26-35,1,Single-course
U00111,cynthia90,24,Male,kayla61@outlook.com,18-25,1,Single-course
U00112,williamswilliam,34,Female,qmiller@yahoo.com,26-35,14,Highly Active
U00113,becky55,19,Male,lclark@hotmail.com,18-25,1,Single-course
U00114,lvasquez,22,Female,markwilliams@hotmail.com,18-25,1,Single-course
U00115,mitchellswanson,32,Female,danielmathews@hotmail.com,26-35,1,Single-course
U00116,schultzaustin,31,Male,psmith@outlook.com,26-35,1,Single-course
U00117,kristin26,19,Female,megan10@gmail.com,18-25,13,Highly Active
U00118,morankevin,28,Female,marquezwilliam@hotmail.com,26-35,1,Single-course
U00119,phillipsrobert,28,Male,wlee@yahoo.com,26-35,1,Single-course
U00120,faguilar,15,Male,ashley54@gmail.com,<18,2,Moderate
U00121,htanner,27,Female,donaldbrennan@hotmail.com,26-35,2,Moderate
U00122,derekgreer,21,Female,elizabeth42@gmail.com,18-25,2,Moderate
U00123,richardsonjames,18,Female,dillonleslie@outlook.com,18-25,2,Moderate
U00124,christinagilbert,19,Female,brendanaustin@yahoo.com,18-25,2,Moderate
U00125,michelle70,35,Female,simsbruce@yahoo.com,26-35,2,Moderate
U00126,zhall,23,Female,juliecervantes@yahoo.com,18-25,14,Highly Active
U00127,brian60,34,Female,annablair@hotmail.com,26-35,3,Moderate
U00128,misty15,35,Female,thomasharris@yahoo.com,26-35,13,Highly Active
U00129,sabrinawilson,19,Male,alvaradokevin@gmail.com,18-25,2,Moderate
U00130,eherring,17,Male,joshua83@yahoo.com,<18,1,Single-course
U00131,chelsea48,19,Male,stephaniedougherty@gmail.com,18-25,1,Single-course
U00132,kathysharp,22,Male,sean85@yahoo.com,18-25,1,Single-course
U00133,mccarthyscott,21,Male,raymondthomas@gmail.com,18-25,14,Highly Active
U00134,syoung,26,Female,kroy@gmail.com,26-35,14,Highly Active
U00135,josephmichael,17,Female,clarknicholas@gmail.com,<18,1,Single-course
U00136,millerleslie,25,Female,william31@gmail.com,18-25,1,Single-course
U00137,lawrencesanchez,15,Female,donaldtaylor@outlook.com,<18,2,Moderate
U00138,sarafuentes,26,Male,ugonzales@gmail.com,26-35,2,Moderate
U00139,qharrell,16,Female,daniel87@yahoo.com,<18,4,Moderate
U00140,william81,24,Female,ewalker@hotmail.com,18-25,2,Moderate
U00141,jenkinswilliam,20,Male,nicolerodriguez@gmail.com,18-25,1,Single-course
U00142,brian08,17,Female,stephenhenry@gmail.com,<18,1,Single-course
U00143,sherri37,26,Male,lopezbrian@outlook.com,26-35,2,Moderate
U00144,rodgerspaul,24,Female,amy66@hotmail.com,18-25,13,Highly Active
U00145,shawnbrown,23,Female,amandasingh@yahoo.com,18-25,1,Single-course
U00146,ihernandez,30,Female,rgarcia@outlook.com,26-35,1,Single-course
U00147,patricklaura,30,Male,barbarapatterson@yahoo.com,26-35,12,Highly Active
U00148,andersenmichael,35,Female,rsmith@outlook.com,26-35,1,Single-course
U00149,jacksonanthony,17,Female,yspencer@gmail.com,<18,10,Highly Active
U00150,nsmith,25,Male,zjefferson@gmail.com,18-25,2,Moderate
U00151,johnjohnson,16,Female,heathrodney@hotmail.com,<18,1,Single-course
U00152,hhill,19,Female,keith03@outlook.com,18-25,12,Highly Active
U00153,scottgilbert,35,Male,sextondillon@yahoo.com,26-35,2,Moderate
U00154,jessicabailey,29,Male,colleen99@outlook.com,26-35,1,Single-course
U00155,browningstephanie,27,Male,cindy51@gmail.com,26-35,2,Moderate
U00156,phill,17,Male,natalie68@outlook.com,<18,1,Single-course
U00157,derek60,32,Female,dhall@hotmail.com,26-35,2,Moderate
U00158,nicholas56,35,Female,lisa06@yahoo.com,26-35,1,Single-course
U00159,rodriguezraymond,16,Male,richardsonwilliam@yahoo.com,<18,2,Moderate
U00160,kingspencer,28,Female,gillvalerie@yahoo.com,26-35,1,Single-course
U00161,lawrence17,25,Female,tstone@outlook.com,18-25,11,Highly Active
U00162,charlesayala,26,Male,kmyers@gmail.com,26-35,1,Single-course
U00163,clinejacqueline,32,Female,johnsonshelly@hotmail.com,26-35,1,Single-course
U00164,james63,32,Male,jessica46@outlook.com,26-35,2,Moderate
U00165,wcarroll,30,Male,angela19@hotmail.com,26-35,4,Moderate
U00166,campbellkelsey,33,Male,hinesjoshua@gmail.com,26-35,15,Highly Active
U00167,rogersjohn,31,Female,jonathan94@hotmail.com,26-35,1,Single-course
U00168,gillespiekimberly,24,Female,michael38@outlook.com,18-25,1,Single-course
U00169,vasquezjohn,24,Male,youngmaurice@yahoo.com,18-25,13,Highly Active
U00170,millerdavid,34,Female,mark06@hotmail.com,26-35,3,Moderate
U00171,egardner,24,Male,obrienmolly@outlook.com,18-25,2,Moderate
U00172,nglass,35,Female,charleshernandez@hotmail.com,26-35,1,Single-course
U00173,fernando38,31,Male,patriciagarcia@gmail.com,26-35,14,Highly Active
U00174,michelle60,29,Male,sgriffith@yahoo.com,26-35,1,Single-course
U00175,xlambert,32,Female,leonardlisa@gmail.com,26-35,2,Moderate
U00176,gary81,34,Male,jameshartman@hotmail.com,26-35,1,Single-course
U00177,torreschristine,29,Female,adriana95@yahoo.com,26-35,14,Highly Active
U00178,gonzaleslisa,20,Male,robertspencer@outlook.com,18-25,14,Highly Active
U00179,mariaavila,34,Male,tpineda@outlook.com,26-35,2,Moderate
U00180,xglenn,26,Female,bruce16@hotmail.com,26-35,1,Single-course
U00181,stephanie98,32,Female,angela26@yahoo.com,26-35,1,Single-course
U00182,nancyibarra,28,Female,rmadden@gmail.com,26-35,1,Single-course
U00183,christopherhall,33,Male,virginia17@outlook.com,26-35,1,Single-course
U00184,kroth,28,Male,nrhodes@hotmail.com,26-35,1,Single-course
U00185,jwalls,27,Male,carrillomichael@outlook.com,26-35,1,Single-course
U00186,alexbrown,28,Female,nortonlisa@outlook.com,26-35,2,Moderate
U00187,taylor05,18,Male,staceygiles@hotmail.com,18-25,1,Single-course
U00188,robertsedward,18,Male,wschmidt@gmail.com,18-25,1,Single-course
U00189,latoya45,18,Male,normangabriela@hotmail.com,18-25,1,Single-course
U00190,hroberts,25,Female,hcabrera@yahoo.com,18-25,1,Single-course
U00191,foleypaul,34,Male,jeremycole@gmail.com,26-35,12,Highly Active
U00192,nathanieldorsey,17,Male,briannarichardson@yahoo.com,<18,14,Highly Active
U00193,stevenjames,33,Male,carriedrake@yahoo.com,26-35,1,Single-course
U00194,carolynpage,35,Male,jacksonandrew@outlook.com,26-35,1,Single-course
U00195,stewartlisa,15,Male,powens@outlook.com,<18,1,Single-course
U00196,susan34,23,Female,alexandragreen@outlook.com,18-25,1,Single-course
U00197,parksderek,35,Female,michaelwallace@hotmail.com,26-35,1,Single-course
U00198,brian71,30,Female,lewismargaret@hotmail.com,26-35,12,Highly Active
U00199,millerstephanie,24,Female,davisjeremy@gmail.com,18-25,1,Single-course
U00200,ronald67,32,Male,bobbymurphy@outlook.com,26-35,4,Moderate
U00201,yalvarado,16,Male,orosales@gmail.com,<18,3,Moderate
U00202,awilson,28,Female,harrisrichard@yahoo.com,26-35,1,Single-course
U00203,samantha00,25,Female,ybyrd@yahoo.com,18-25,2,Moderate
U00204,loribates,28,Female,robertmitchell@gmail.com,26-35,1,Single-course
U00205,christinecampbell,32,Male,markmahoney@outlook.com,26-35,1,Single-course
U00206,lisa94,19,Female,morriscindy@outlook.com,18-25,1,Single-course
U00207,evelyn98,33,Male,carsonjamie@yahoo.com,26-35,2,Moderate
U00208,kingrobin,18,Female,jamesholt@yahoo.com,18-25,15,Highly Active
U00209,parkssarah,26,Male,padillakathy@hotmail.com,26-35,1,Single-course
U00210,mscott,30,Male,umitchell@hotmail.com,26-35,2,Moderate
U00211,maryspencer,22,Male,amandabrown@gmail.com,18-25,1,Single-course
U00212,mike97,30,Female,loriknight@yahoo.com,26-35,2,Moderate
U00213,susan03,15,Male,serranotammy@hotmail.com,<18,2,Moderate
U00214,danielle41,24,Female,annaparker@gmail.com,18-25,1,Single-course
U00215,sandra29,28,Male,hatfieldmark@hotmail.com,26-35,1,Single-course
U00216,taylorelizabeth,23,Male,peckamy@outlook.com,18-25,16,Highly Active
U00217,garychandler,28,Male,carla25@outlook.com,26-35,1,Single-course
U00218,gregory81,15,Female,lisa37@hotmail.com,<18,1,Single-course
U00219,daniellebishop,23,Female,josephlawrence@outlook.com,18-25,1,Single-course
U00220,laura88,20,Male,dlewis@hotmail.com,18-25,15,Highly Active
U00221,lgallagher,27,Male,youngtammy@gmail.com,26-35,1,Single-course
U00222,bentonkatrina,28,Male,flowe@outlook.com,26-35,1,Single-course
U00223,patricia65,35,Female,yolandaglenn@outlook.com,26-35,1,Single-course
U00224,denisebailey,15,Female,devin32@gmail.com,<18,1,Single-course
U00225,sheila72,18,Male,fpark@yahoo.com,18-25,1,Single-course
U00226,marioperez,34,Female,jdougherty@hotmail.com,26-35,1,Single-course
U00227,victoria90,23,Male,alyssahoward@gmail.com,18-25,2,Moderate
U00228,joshuarangel,18,Male,jaredpeters@yahoo.com,18-25,1,Single-course
U00229,charles00,22,Male,nielsenelizabeth@gmail.com,18-25,2,Moderate
U00230,karen41,17,Female,swansonlisa@hotmail.com,<18,2,Moderate
U00231,rodgersdaniel,16,Male,richard17@hotmail.com,<18,2,Moderate
U00232,timothywatkins,26,Female,lisarodriguez@yahoo.com,26-35,1,Single-course
U00233,robinsonmichael,32,Male,virginiataylor@outlook.com,26-35,1,Single-course
U00234,emily05,32,Male,whuynh@outlook.com,26-35,2,Moderate
U00235,williamscharles,34,Male,joneschristopher@outlook.com,26-35,3,Moderate
U00236,colin32,25,Female,vmora@yahoo.com,18-25,1,Single-course
U00237,anthony70,20,Male,meghan00@gmail.com,18-25,1,Single-course
U00238,joshuaescobar,24,Female,isaiahwest@outlook.com,18-25,15,Highly Active
U00239,vberg,32,Female,angelagonzalez@outlook.com,26-35,1,Single-course
U00240,ismith,34,Female,sullivansean@hotmail.com,26-35,2,Moderate
U00241,thomascummings,23,Female,brandyjones@yahoo.com,18-25,2,Moderate
U00242,wernerjesus,27,Male,joe20@gmail.com,26-35,2,Moderate
U00243,thomastimothy,24,Female,upennington@gmail.com,18-25,1,Single-course
U00244,josemartinez,28,Male,rebeccalamb@outlook.com,26-35,1,Single-course
U00245,twilson,31,Female,kimberly44@gmail.com,26-35,1,Single-course
U00246,william30,31,Male,jennifer12@gmail.com,26-35,1,Single-course
U00247,edwardsadam,30,Female,jessicaadams@gmail.com,26-35,1,Single-course
U00248,christopher76,17,Male,kaylafuentes@yahoo.com,<18,1,Single-course
U00249,donaldmccoy,35,Female,zparsons@hotmail.com,26-35,1,Single-course
U00250,gregorypierce,21,Male,mark81@hotmail.com,18-25,1,Single-course
U00251,summersjamie,28,Female,daniel37@outlook.com,26-35,13,Highly Active
U00252,millermary,29,Female,jasonnelson@hotmail.com,26-35,1,Single-course
U00253,ymcgrath,19,Male,steven91@gmail.com,18-25,1,Single-course
U00254,yatesadrian,19,Female,josephgraham@hotmail.com,18-25,1,Single-course
U00255,fschmidt,26,Female,zharper@gmail.com,26-35,1,Single-course
U00256,pearsonannette,35,Female,humphreyjennifer@gmail.com,26-35,1,Single-course
U00257,danielle50,29,Male,jennifer70@outlook.com,26-35,1,Single-course
U00258,marilynbailey,19,Male,paulkeller@gmail.com,18-25,1,Single-course
U00259,jennifershaw,35,Male,christopher75@gmail.com,26-35,1,Single-course
U00260,heather26,35,Male,denisesmith@yahoo.com,26-35,15,Highly Active
U00261,darrell83,28,Female,walkerjames@gmail.com,26-35,1,Single-course
U00262,dawnsawyer,24,Male,robertpotter@gmail.com,18-25,1,Single-course
U00263,chapmanjennifer,15,Male,brucejacqueline@gmail.com,<18,4,Moderate
U00264,mmullen,18,Female,wrightmargaret@outlook.com,18-25,3,Moderate
U00265,william96,15,Male,kristenmaxwell@hotmail.com,<18,14,Highly Active
U00266,fstephens,25,Female,omann@hotmail.com,18-25,1,Single-course
U00267,amandataylor,34,Male,colemanjennifer@outlook.com,26-35,4,Moderate
U00268,donna26,29,Female,andrewmorris@gmail.com,26-35,1,Single-course
U00269,brandonharper,22,Female,laura67@yahoo.com,18-25,1,Single-course
U00270,karenpratt,23,Male,reyesmorgan@outlook.com,18-25,1,Single-course
U00271,ldurham,15,Male,martinezrenee@yahoo.com,<18,1,Single-course
U00272,wvasquez,25,Male,ashley40@yahoo.com,18-25,13,Highly Active
U00273,wattsphilip,25,Female,jessicabrown@hotmail.com,18-25,1,Single-course
U00274,john92,32,Female,tcole@outlook.com,26-35,2,Moderate
U00275,benjaminmendoza,28,Female,stevenroberts@gmail.com,26-35,1,Single-course
U00276,cassandrayoung,22,Female,hilljames@outlook.com,18-25,1,Single-course
U00277,oriddle,21,Male,jeremy92@hotmail.com,18-25,1,Single-course
U00278,erikayoung,27,Male,cynthia53@hotmail.com,26-35,1,Single-course
U00279,mackenzie39,24,Male,hdavis@gmail.com,18-25,3,Moderate
U00280,psnyder,15,Male,josephtammy@hotmail.com,<18,1,Single-course
U00281,bailey28,30,Female,christopher14@yahoo.com,26-35,1,Single-course
U00282,eandrews,19,Male,jeremy00@outlook.com,18-25,14,Highly Active
U00283,mryan,28,Male,xcordova@hotmail.com,26-35,2,Moderate
U00284,gallaghergregory,30,Male,emily63@hotmail.com,26-35,1,Single-course
U00285,lunabrandon,29,Female,andersonjessica@outlook.com,26-35,1,Single-course
U00286,angelaclark,24,Female,ejackson@hotmail.com,18-25,3,Moderate
U00287,rkennedy,21,Female,syork@hotmail.com,18-25,2,Moderate
U00288,michellemartin,35,Male,brooksjeffrey@outlook.com,26-35,1,Single-course
U00289,christopher37,17,Female,johnsonchad@hotmail.com,<18,1,Single-course
U00290,frankalvarado,17,Female,alex83@hotmail.com,<18,3,Moderate
U00291,nicholas62,16,Female,ygomez@hotmail.com,<18,3,Moderate
U00292,andrewbrown,33,Male,natalie44@gmail.com,26-35,12,Highly Active
U00293,brian93,25,Female,reyesangela@gmail.com,18-25,13,Highly Active
U00294,traceybrown,21,Female,john01@gmail.com,18-25,1,Single-course
U00295,jean02,29,Male,mark44@gmail.com,26-35,1,Single-course
U00296,marshallolivia,31,Female,bassjustin@gmail.com,26-35,2,Moderate
U00297,mgarrett,29,Male,dclayton@hotmail.com,26-35,1,Single-course
U00298,steven02,32,Male,torresjoseph@outlook.com,26-35,14,Highly Active
U00299,vincentadam,20,Female,mgreer@hotmail.com,18-25,1,Single-course
U00300,anthonyhess,26,Female,meagansalas@gmail.com,26-35,2,Moderate
U00301,shale,26,Male,zprice@gmail.com,26-35,14,Highly Active
U00302,nelsonsamantha,34,Female,vjackson@yahoo.com,26-35,1,Single-course
U00303,fcollins,35,Male,benjamin32@yahoo.com,26-35,14,Highly Active
U00304,lucaswilliam,35,Male,michael33@outlook.com,26-35,1,Single-course
U00305,ypeters,22,Male,jacquelinegonzalez@yahoo.com,18-25,1,Single-course
U00306,aaronfrazier,28,Male,jsimmons@yahoo.com,26-35,1,Single-course
U00307,orichardson,33,Female,kevinrobinson@hotmail.com,26-35,1,Single-course
U00308,carrollwalter,26,Male,kimberly41@gmail.com,26-35,4,Moderate
U00309,gilbertjoseph,27,Male,jenny26@gmail.com,26-35,1,Single-course
U00310,davidbarrera,26,Female,aray@yahoo.com,26-35,11,Highly Active
U00311,mandy48,18,Female,mcfarlandangela@gmail.com,18-25,1,Single-course
U00312,hallerin,30,Female,jflores@outlook.com,26-35,1,Single-course
U00313,qsmith,29,Female,anngrant@gmail.com,26-35,1,Single-course
U00314,tgonzalez,19,Female,carmen64@gmail.com,18-25,3,Moderate
U00315,stephanie14,31,Female,desireereese@gmail.com,26-35,12,Highly Active
U00316,jasonjohnston,19,Female,umatthews@gmail.com,18-25,2,Moderate
U00317,williamscaroline,19,Male,dcunningham@hotmail.com,18-25,3,Moderate
U00318,dudleyaimee,20,Male,brian51@yahoo.com,18-25,1,Single-course
U00319,ysmith,15,Female,josephclark@hotmail.com,<18,1,Single-course
U00320,hannahromero,29,Male,rhondataylor@outlook.com,26-35,1,Single-course
U00321,mhammond,28,Male,tsosa@gmail.com,26-35,14,Highly Active
U00322,idillon,23,Male,wmoore@gmail.com,18-25,14,Highly Active
U00323,irichard,21,Female,robertsrobyn@yahoo.com,18-25,15,Highly Active
U00324,wpowell,16,Male,amy68@outlook.com,<18,1,Single-course
U00325,thomas96,26,Male,carollewis@outlook.com,26-35,1,Single-course
U00326,ashleyjohnson,25,Female,jacob36@yahoo.com,18-25,1,Single-course
U00327,hannahmccoy,31,Female,christopherdelgado@hotmail.com,26-35,4,Moderate
U00328,glennmoore,29,Female,kathygrimes@yahoo.com,26-35,15,Highly Active
U00329,ellisangela,20,Female,piercefrederick@gmail.com,18-25,12,Highly Active
U00330,jsherman,15,Female,paulirwin@hotmail.com,<18,14,Highly Active
U00331,john39,17,Male,yjohnson@outlook.com,<18,1,Single-course
U00332,steinjane,25,Male,rachelsingleton@outlook.com,18-25,1,Single-course
U00333,carmen47,26,Female,trose@outlook.com,26-35,1,Single-course
U00334,dianasanchez,24,Female,dmccarthy@hotmail.com,18-25,13,Highly Active
U00335,garneranthony,33,Female,teresafrank@gmail.com,26-35,1,Single-course
U00336,milescaitlin,19,Male,starkmargaret@yahoo.com,18-25,1,Single-course
U00337,kimberly57,29,Female,johnnycarr@outlook.com,26-35,1,Single-course
U00338,brianlee,23,Female,villegasbrandon@yahoo.com,18-25,14,Highly Active
U00339,emmaallen,29,Male,sbeard@gmail.com,26-35,16,Highly Active
U00340,george01,30,Male,hillamber@yahoo.com,26-35,14,Highly Active
U00341,ggonzalez,24,Male,abennett@yahoo.com,18-25,1,Single-course
U00342,myersmark,26,Female,richardcarpenter@hotmail.com,26-35,1,Single-course
U00343,adriana50,31,Male,lhayes@gmail.com,26-35,1,Single-course
U00344,jennifernorris,17,Male,hornejohn@yahoo.com,<18,1,Single-course
U00345,whiteheadjessica,16,Male,carolanderson@outlook.com,<18,15,Highly Active
U00346,marymcclain,33,Female,george34@outlook.com,26-35,3,Moderate
U00347,dorothy78,32,Female,turnermarcus@gmail.com,26-35,2,Moderate
U00348,wigginsearl,30,Female,bradyjason@outlook.com,26-35,1,Single-course
U00349,fostermichael,28,Male,fwhite@outlook.com,26-35,1,Single-course
U00350,fmartin,17,Male,jamiehopkins@outlook.com,<18,2,Moderate
U00351,carlsonjason,18,Female,juan61@gmail.com,18-25,13,Highly Active
U00352,danderson,28,Male,michael93@yahoo.com,26-35,15,Highly Active
U00353,webbcharles,34,Female,jeffrey93@hotmail.com,26-35,14,Highly Active
U00354,elizabeth42,35,Male,christopheralexander@outlook.com,26-35,2,Moderate
U00355,johnsonfrederick,15,Female,brenda96@gmail.com,<18,1,Single-course
U00356,donaldjacobs,21,Female,lhull@yahoo.com,18-25,15,Highly Active
U00357,ychavez,15,Female,gjohnson@yahoo.com,<18,15,Highly Active
U00358,johnmcdonald,19,Male,tylerpatterson@outlook.com,18-25,1,Single-course
U00359,jeremiahshaw,29,Female,david28@outlook.com,26-35,1,Single-course
U00360,qburke,32,Male,waterskenneth@outlook.com,26-35,1,Single-course
U00361,pmoon,18,Female,cunninghamandrew@outlook.com,18-25,1,Single-course
U00362,eugene97,16,Male,felicia89@gmail.com,<18,13,Highly Active
U00363,haysbarbara,32,Female,kennedybryan@hotmail.com,26-35,1,Single-course
U00364,cynthiamiller,34,Male,brenda08@outlook.com,26-35,1,Single-course
U00365,bfox,30,Female,hchapman@outlook.com,26-35,13,Highly Active
U00366,gerald45,28,Male,lewisanthony@hotmail.com,26-35,2,Moderate
U00367,robert90,21,Male,tiffany36@hotmail.com,18-25,1,Single-course
U00368,michael12,26,Male,burchbrian@outlook.com,26-35,1,Single-course
U00369,beckerterry,19,Male,yoconnell@yahoo.com,18-25,4,Moderate
U00370,bstevens,17,Male,huffmanchristopher@outlook.com,<18,2,Moderate
U00371,grayandrea,17,Female,jay48@hotmail.com,<18,1,Single-course
U00372,bpatrick,23,Male,jonathan64@yahoo.com,18-25,1,Single-course
U00373,daniel56,26,Female,valerie64@yahoo.com,26-35,1,Single-course
U00374,hmarsh,28,Female,chelseywarren@outlook.com,26-35,1,Single-course
U00375,powellmatthew,34,Female,jjohnson@hotmail.com,26-35,1,Single-course
U00376,jeffrey59,29,Male,xbradley@hotmail.com,26-35,1,Single-course
U00377,andersondonald,21,Female,anthony75@yahoo.com,18-25,1,Single-course
U00378,cookjoseph,21,Female,kathleen96@outlook.com,18-25,2,Moderate
U00379,garciajohn,20,Male,sharonmejia@yahoo.com,18-25,14,Highly Active
U00380,rebeccabowman,23,Female,morganstephenson@gmail.com,18-25,1,Single-course
U00381,richardsondanny,32,Male,emily94@yahoo.com,26-35,1,Single-course
U00382,martinpayne,25,Male,christopher66@outlook.com,18-25,3,Moderate
U00383,michael40,29,Female,kaitlynanderson@hotmail.com,26-35,15,Highly Active
U00384,joshuamiller,32,Female,michael54@gmail.com,26-35,2,Moderate
U00385,melissa61,20,Male,bruce80@gmail.com,18-25,1,Single-course
U00386,gary74,29,Female,cassandra26@yahoo.com,26-35,2,Moderate
U00387,elliottjacob,29,Female,jmiller@yahoo.com,26-35,1,Single-course
U00388,jbennett,18,Male,christina14@outlook.com,18-25,1,Single-course
U00389,qhunt,27,Female,griffithebony@gmail.com,26-35,1,Single-course
U00390,newtonjohnny,18,Female,cooperthomas@yahoo.com,18-25,3,Moderate
U00391,morrisonronald,19,Female,karenhicks@gmail.com,18-25,1,Single-course
U00392,coleamanda,19,Female,lgonzales@hotmail.com,18-25,1,Single-course
U00393,ryan80,30,Male,janice29@gmail.com,26-35,1,Single-course
U00394,dianaeverett,30,Female,ubutler@yahoo.com,26-35,11,Highly Active
U00395,karenholder,22,Female,david38@hotmail.com,18-25,1,Single-course
U00396,soliskaren,30,Male,carrollandrew@gmail.com,26-35,2,Moderate
U00397,padams,16,Male,whitakerbonnie@yahoo.com,<18,1,Single-course
U00398,brandon42,27,Female,qsmith@yahoo.com,26-35,3,Moderate
U00399,xgraham,31,Female,hmiller@yahoo.com,26-35,12,Highly Active
U00400,ann81,23,Male,porterrachel@yahoo.com,18-25,2,Moderate
U00401,christina44,21,Female,beth28@gmail.com,18-25,2,Moderate
U00402,mary54,23,Male,thompsonclaudia@hotmail.com,18-25,2,Moderate
U00403,stevencruz,34,Female,hamiltonbrenda@outlook.com,26-35,1,Single-course
U00404,lucerojonathan,21,Female,christy17@yahoo.com,18-25,14,Highly Active
U00405,douglasholmes,24,Male,xyang@hotmail.com,18-25,2,Moderate
U00406,miranda71,33,Male,markguerrero@gmail.com,26-35,15,Highly Active
U00407,zlopez,23,Male,martinezchristopher@outlook.com,18-25,15,Highly Active
U00408,jacquelinelee,19,Female,phillipsdonna@yahoo.com,18-25,1,Single-course
U00409,jenniferolson,35,Male,manuelcurtis@yahoo.com,26-35,2,Moderate
U00410,bcantu,33,Male,cheyenne28@gmail.com,26-35,1,Single-course
U00411,robert66,17,Female,alexandra14@yahoo.com,<18,12,Highly Active
U00412,qwatkins,24,Female,wileyjoseph@gmail.com,18-25,4,Moderate
U00413,sharon56,23,Male,michaelcalderon@outlook.com,18-25,2,Moderate
U00414,popesteven,25,Male,heatherballard@gmail.com,18-25,1,Single-course
U00415,lisaponce,31,Female,dustin99@yahoo.com,26-35,13,Highly Active
U00416,simmonspatricia,17,Female,nicholasgarcia@outlook.com,<18,2,Moderate
U00417,erica01,32,Female,hcross@yahoo.com,26-35,2,Moderate
U00418,anthonyanderson,23,Female,rnoble@hotmail.com,18-25,3,Moderate
U00419,willismorgan,21,Female,walkerkevin@gmail.com,18-25,1,Single-course
U00420,jennifer64,24,Female,jennifer47@hotmail.com,18-25,1,Single-course
U00421,karenlambert,32,Male,caleb56@gmail.com,26-35,1,Single-course
U00422,sanfordmichael,15,Female,tsantos@yahoo.com,<18,3,Moderate
U00423,reginaberg,27,Female,bradgalloway@hotmail.com,26-35,12,Highly Active
U00424,kristi64,35,Male,fbarnett@yahoo.com,26-35,11,Highly Active
U00425,erik67,19,Male,michaelhernandez@outlook.com,18-25,1,Single-course
U00426,xknox,21,Male,charleswilliams@yahoo.com,18-25,4,Moderate
U00427,bernardsexton,29,Female,rjenkins@yahoo.com,26-35,16,Highly Active
U00428,stewartdiane,23,Male,kristylee@outlook.com,18-25,1,Single-course
U00429,bmckay,23,Female,anthony19@outlook.com,18-25,1,Single-course
U00430,mark51,27,Male,brianmontgomery@hotmail.com,26-35,1,Single-course
U00431,collinsjason,15,Female,ywalker@hotmail.com,<18,1,Single-course
U00432,umiller,31,Male,petersendarren@gmail.com,26-35,1,Single-course
U00433,elewis,32,Female,aaronevans@yahoo.com,26-35,1,Single-course
U00434,knightjake,22,Male,wfrank@outlook.com,18-25,1,Single-course
U00435,lgreene,34,Female,robertsjohnny@outlook.com,26-35,1,Single-course
U00436,hodgeserin,20,Female,lindsay44@hotmail.com,18-25,1,Single-course
U00437,pricealexander,28,Male,andre59@hotmail.com,26-35,3,Moderate
U00438,eric69,21,Male,angelagreen@gmail.com,18-25,14,Highly Active
U00439,idiaz,31,Female,reedcourtney@yahoo.com,26-35,1,Single-course
U00440,maxwellsmith,20,Female,leonardsolis@outlook.com,18-25,1,Single-course
U00441,taylor92,19,Male,melanie66@hotmail.com,18-25,1,Single-course
U00442,umaldonado,21,Female,croberts@hotmail.com,18-25,1,Single-course
U00443,desiree20,21,Female,xshelton@yahoo.com,18-25,2,Moderate
U00444,morrowmichael,15,Female,christopher38@outlook.com,<18,13,Highly Active
U00445,vlong,31,Female,micheal11@gmail.com,26-35,1,Single-course
U00446,smithjack,19,Female,sandra71@yahoo.com,18-25,2,Moderate
U00447,fwebb,23,Male,ryan98@outlook.com,18-25,1,Single-course
U00448,smithjeffrey,27,Male,wilsonjeremy@outlook.com,26-35,3,Moderate
U00449,brownkaren,33,Female,ambercruz@yahoo.com,26-35,14,Highly Active
U00450,colemanroy,20,Male,lyonsjohn@outlook.com,18-25,12,Highly Active
U00451,sabrinafoster,20,Male,erin09@outlook.com,18-25,1,Single-course
U00452,williamsamy,23,Male,anthonyflynn@hotmail.com,18-25,3,Moderate
U00453,jasmineowens,20,Male,brianpowell@gmail.com,18-25,1,Single-course
U00454,lauralewis,28,Female,corey28@outlook.com,26-35,4,Moderate
U00455,angelica53,19,Male,sbutler@outlook.com,18-25,3,Moderate
U00456,bobbyfaulkner,24,Female,jpatel@gmail.com,18-25,2,Moderate
U00457,amytaylor,34,Female,vmason@outlook.com,26-35,2,Moderate
U00458,zle,31,Female,gordonlawrence@gmail.com,26-35,4,Moderate
U00459,andrewthomas,22,Male,efletcher@gmail.com,18-25,1,Single-course
U00460,youngmike,24,Female,vingram@hotmail.com,18-25,2,Moderate
U00461,kramerlogan,21,Female,wmills@hotmail.com,18-25,2,Moderate
U00462,lmason,30,Male,coryhernandez@hotmail.com,26-35,2,Moderate
U00463,smithryan,18,Female,johnstonbrandon@yahoo.com,18-25,1,Single-course
U00464,blakejoseph,25,Male,rogersdakota@hotmail.com,18-25,12,Highly Active
U00465,garrettjenny,26,Male,leoncarolyn@outlook.com,26-35,1,Single-course
U00466,armstrongluis,32,Female,mackenzie76@hotmail.com,26-35,2,Moderate
U00467,awalker,34,Male,kpineda@yahoo.com,26-35,1,Single-course
U00468,greeneaaron,19,Female,qgarcia@gmail.com,18-25,1,Single-course
U00469,scott82,20,Female,justin81@gmail.com,18-25,2,Moderate
U00470,antoniohanson,18,Female,williamschristopher@outlook.com,18-25,1,Single-course
U00471,clopez,31,Female,yrodriguez@gmail.com,26-35,1,Single-course
U00472,nhicks,22,Female,nmccoy@gmail.com,18-25,1,Single-course
U00473,smithamanda,32,Female,zachary67@yahoo.com,26-35,3,Moderate
U00474,renee73,31,Male,vegarachael@outlook.com,26-35,1,Single-course
U00475,stevenwilliams,24,Male,adamsjames@hotmail.com,18-25,3,Moderate
U00476,devin94,29,Female,jlutz@outlook.com,26-35,2,Moderate
U00477,jason69,19,Male,david15@outlook.com,18-25,1,Single-course
U00478,john69,30,Male,jessicajones@yahoo.com,26-35,2,Moderate
U00479,cunninghamaaron,33,Male,suzanne77@gmail.com,26-35,2,Moderate
U00480,rnash,20,Female,leerachel@outlook.com,18-25,1,Single-course
U00481,bakeranna,32,Female,brandy09@yahoo.com,26-35,1,Single-course
U00482,leewhite,33,Female,parksdan@gmail.com,26-35,1,Single-course
U00483,weberhelen,22,Male,kyle52@gmail.com,18-25,1,Single-course
U00484,wesleyfreeman,16,Male,ghicks@outlook.com,<18,2,Moderate
U00485,garrettevans,29,Female,whitetimothy@gmail.com,26-35,1,Single-course
U00486,coryalvarado,21,Female,diazjamie@yahoo.com,18-25,2,Moderate
U00487,kayla77,15,Female,alvaradoronald@hotmail.com,<18,2,Moderate
U00488,barbara10,20,Male,dominic07@hotmail.com,18-25,2,Moderate
U00489,aguirrejessica,18,Male,lindsey98@hotmail.com,18-25,3,Moderate
U00490,smithjody,33,Male,andrewmiller@gmail.com,26-35,1,Single-course
U00491,brianna74,20,Male,vjackson@gmail.com,18-25,1,Single-course
U00492,billy39,20,Female,smithchristine@gmail.com,18-25,1,Single-course
U00493,rioschristina,30,Male,patricia26@outlook.com,26-35,1,Single-course
U00494,joel15,26,Male,iwalker@yahoo.com,26-35,13,Highly Active
U00495,johnsonchristina,35,Female,tara89@yahoo.com,26-35,2,Moderate
U00496,clarktonya,29,Female,kristine00@hotmail.com,26-35,1,Single-course
U00497,cmclean,21,Female,christyevans@outlook.com,18-25,3,Moderate
U00498,sheri69,20,Female,omassey@hotmail.com,18-25,3,Moderate
U00499,keith86,21,Male,moseschristopher@gmail.com,18-25,1,Single-course
U00500,frederick07,16,Female,robert76@outlook.com,<18,2,Moderate
U00501,andersonkathy,26,Female,jacobglenn@gmail.com,26-35,1,Single-course
U00502,reynoldserin,22,Female,tiffany72@hotmail.com,18-25,2,Moderate
U00503,robinsonmargaret,15,Male,annette75@gmail.com,<18,2,Moderate
U00504,cantrellscott,16,Male,eric29@yahoo.com,<18,2,Moderate
U00505,mcleanchris,17,Male,jacqueline78@yahoo.com,<18,1,Single-course
U00506,aliciagiles,33,Female,gomezcarla@outlook.com,26-35,1,Single-course
U00507,nichole08,15,Male,lukelove@yahoo.com,<18,2,Moderate
U00508,dalesmith,28,Female,thomaskenneth@outlook.com,26-35,1,Single-course
U00509,alexandereaton,20,Female,qmurphy@outlook.com,18-25,1,Single-course
U00510,noblechristy,15,Male,rgarza@outlook.com,<18,1,Single-course
U00511,becky57,28,Male,jacobcollins@gmail.com,26-35,1,Single-course
U00512,joshua36,22,Male,elizabeththomas@gmail.com,18-25,2,Moderate
U00513,kcoleman,25,Male,jacksoncynthia@gmail.com,18-25,1,Single-course
U00514,tammysmall,30,Female,mariaryan@outlook.com,26-35,3,Moderate
U00515,martinbrian,19,Female,jconway@gmail.com,18-25,2,Moderate
U00516,charles14,33,Female,kristenrobinson@outlook.com,26-35,1,Single-course
U00517,rachelsmith,22,Female,cody45@hotmail.com,18-25,1,Single-course
U00518,jasonlara,20,Female,kirkmichelle@outlook.com,18-25,1,Single-course
U00519,phaynes,27,Female,hernandezshawn@gmail.com,26-35,1,Single-course
U00520,tammy29,29,Male,cpineda@yahoo.com,26-35,1,Single-course
U00521,amanda69,26,Female,mramirez@yahoo.com,26-35,1,Single-course
U00522,qbrooks,21,Male,brandon68@yahoo.com,18-25,1,Single-course
U00523,crystal86,31,Male,toddwilson@outlook.com,26-35,1,Single-course
U00524,knighthector,24,Male,williamsjames@yahoo.com,18-25,2,Moderate
U00525,victor26,31,Male,corybrady@outlook.com,26-35,1,Single-course
U00526,dunndeborah,24,Male,dudleyaaron@outlook.com,18-25,1,Single-course
U00527,moralesmatthew,18,Male,kevinhayden@gmail.com,18-25,2,Moderate
U00528,wwebb,26,Female,mmatthews@hotmail.com,26-35,1,Single-course
U00529,tharper,25,Male,dustinsmith@yahoo.com,18-25,2,Moderate
U00530,wilsonjeanne,35,Female,lisajuarez@yahoo.com,26-35,1,Single-course
U00531,hannahking,24,Male,william89@outlook.com,18-25,2,Moderate
U00532,spencerjennifer,15,Female,walkerheather@gmail.com,<18,1,Single-course
U00533,brandonfuller,29,Male,roberttaylor@outlook.com,26-35,2,Moderate
U00534,michellestone,27,Female,llopez@outlook.com,26-35,4,Moderate
U00535,rodriguezryan,23,Male,ffoster@yahoo.com,18-25,2,Moderate
U00536,lukewilliams,35,Female,wardallison@yahoo.com,26-35,1,Single-course
U00537,opatterson,25,Female,gmartin@outlook.com,18-25,2,Moderate
U00538,salinasthomas,20,Male,angelawarren@outlook.com,18-25,1,Single-course
U00539,jennifer10,25,Male,george03@yahoo.com,18-25,1,Single-course
U00540,james88,15,Male,mjohnson@outlook.com,<18,1,Single-course
U00541,dhill,19,Male,michaela09@hotmail.com,18-25,3,Moderate
U00542,ericjones,32,Male,staceysullivan@outlook.com,26-35,1,Single-course
U00543,broberts,18,Female,leryan@hotmail.com,18-25,13,Highly Active
U00544,williamskaren,30,Male,gonzalesjoseph@outlook.com,26-35,1,Single-course
U00545,bryandavis,18,Female,sandra89@gmail.com,18-25,1,Single-course
U00546,nathanstevenson,25,Male,pfields@outlook.com,18-25,1,Single-course
U00547,loganthomas,19,Female,irowe@gmail.com,18-25,1,Single-course
U00548,vanessa32,32,Female,tinamiller@yahoo.com,26-35,14,Highly Active
U00549,andrea24,17,Female,tatebrian@outlook.com,<18,1,Single-course
U00550,gwyatt,17,Male,jonathan11@yahoo.com,<18,2,Moderate
U00551,harveybenjamin,35,Male,elaine58@gmail.com,26-35,4,Moderate
U00552,nicholastorres,30,Female,shortbeverly@yahoo.com,26-35,2,Moderate
U00553,whiteheadhoward,15,Male,sarah35@hotmail.com,<18,2,Moderate
U00554,tlopez,18,Male,williamball@gmail.com,18-25,1,Single-course
U00555,rodriguezaudrey,17,Female,scottbarr@yahoo.com,<18,1,Single-course
U00556,martinezkenneth,25,Female,michael48@hotmail.com,18-25,14,Highly Active
U00557,kross,31,Male,carolyn55@gmail.com,26-35,2,Moderate
U00558,kimberlymoore,32,Male,sharonsmith@outlook.com,26-35,1,Single-course
U00559,jonathanmendoza,20,Male,mark39@gmail.com,18-25,11,Highly Active
U00560,danielle56,32,Male,baileymoran@outlook.com,26-35,2,Moderate
U00561,perryterry,33,Male,benjamin16@outlook.com,26-35,1,Single-course
U00562,douglasbright,23,Female,michelle98@gmail.com,18-25,15,Highly Active
U00563,jacksonchristopher,31,Female,willie43@outlook.com,26-35,2,Moderate
U00564,nkeller,15,Male,amahoney@gmail.com,<18,1,Single-course
U00565,teresabell,28,Male,kempsharon@outlook.com,26-35,2,Moderate
U00566,zrowland,31,Male,crystal11@gmail.com,26-35,2,Moderate
U00567,edeleon,20,Male,mendezjonathan@hotmail.com,18-25,1,Single-course
U00568,lmorris,16,Female,michelleshepherd@outlook.com,<18,1,Single-course
U00569,danieljimenez,15,Female,ghunter@gmail.com,<18,14,Highly Active
U00570,dunncharles,27,Male,spearsanna@yahoo.com,26-35,14,Highly Active
U00571,tracey67,22,Female,wardkatherine@yahoo.com,18-25,2,Moderate
U00572,jesse11,32,Male,richardsonjonathan@outlook.com,26-35,13,Highly Active
U00573,florestyler,30,Male,acrawford@gmail.com,26-35,11,Highly Active
U00574,thomas63,33,Female,rebecca64@yahoo.com,26-35,14,Highly Active
U00575,swilliams,35,Male,hwise@yahoo.com,26-35,1,Single-course
U00576,harrispenny,16,Male,jessica68@outlook.com,<18,13,Highly Active
U00577,raymond98,17,Female,charles65@outlook.com,<18,1,Single-course
U00578,palmerkristy,26,Male,kochsusan@gmail.com,26-35,1,Single-course
U00579,walkertracie,34,Male,fbennett@yahoo.com,26-35,1,Single-course
U00580,whitepatrick,24,Female,donnaolsen@yahoo.com,18-25,3,Moderate
U00581,rodriguezsamantha,32,Female,john72@hotmail.com,26-35,2,Moderate
U00582,wagnervalerie,26,Male,fwilson@outlook.com,26-35,1,Single-course
U00583,qmarsh,21,Female,carolynbarker@gmail.com,18-25,1,Single-course
U00584,christine43,31,Female,brittanysantiago@yahoo.com,26-35,14,Highly Active
U00585,jennifer48,19,Female,frances95@gmail.com,18-25,2,Moderate
U00586,ericamorris,21,Male,albert93@outlook.com,18-25,1,Single-course
U00587,melissahancock,22,Female,michael35@outlook.com,18-25,2,Moderate
U00588,shelia09,24,Male,kristen55@yahoo.com,18-25,1,Single-course
U00589,matthew86,19,Female,juliediaz@outlook.com,18-25,1,Single-course
U00590,browndonna,19,Male,jonathan07@gmail.com,18-25,1,Single-course
U00591,kendramcdonald,35,Male,hwright@yahoo.com,26-35,2,Moderate
U00592,barbara94,18,Female,david98@yahoo.com,18-25,14,Highly Active
U00593,fmaxwell,23,Male,erictorres@gmail.com,18-25,2,Moderate
U00594,gsims,20,Male,williamsjeremy@outlook.com,18-25,1,Single-course
U00595,hrichardson,29,Male,aaronfigueroa@gmail.com,26-35,14,Highly Active
U00596,hshaw,26,Male,harmonkaren@outlook.com,26-35,2,Moderate
U00597,suzanne13,28,Female,julielivingston@gmail.com,26-35,1,Single-course
U00598,acraig,28,Male,simpsonmichael@gmail.com,26-35,1,Single-course
U00599,kristinharrison,33,Male,joseph09@yahoo.com,26-35,1,Single-course
U00600,philip29,21,Male,rebekah00@gmail.com,18-25,1,Single-course
U00601,ginawilkins,24,Male,annjenkins@outlook.com,18-25,1,Single-course
U00602,chowell,25,Female,jessefisher@gmail.com,18-25,3,Moderate
U00603,xbryant,35,Male,cruzkatherine@gmail.com,26-35,2,Moderate
U00604,mercedes21,30,Female,jonathanmorales@hotmail.com,26-35,14,Highly Active
U00605,graypatricia,30,Female,rebecca06@gmail.com,26-35,3,Moderate
U00606,tiffanywilliams,33,Female,fhawkins@yahoo.com,26-35,2,Moderate
U00607,bobby98,30,Male,crios@outlook.com,26-35,2,Moderate
U00608,adrianconley,31,Male,autumnlee@gmail.com,26-35,1,Single-course
U00609,marissa45,33,Female,colin68@hotmail.com,26-35,4,Moderate
U00610,ericcraig,19,Male,martineztimothy@gmail.com,18-25,1,Single-course
U00611,christophercontreras,30,Male,jamescampbell@yahoo.com,26-35,2,Moderate
U00612,kellytaylor,23,Male,shawbrenda@hotmail.com,18-25,1,Single-course
U00613,jessica15,24,Male,osmith@outlook.com,18-25,2,Moderate
U00614,samuelmiles,23,Female,carlos12@outlook.com,18-25,1,Single-course
U00615,mrobinson,20,Male,linda21@hotmail.com,18-25,1,Single-course
U00616,joshua33,19,Female,mariacontreras@yahoo.com,18-25,2,Moderate
U00617,bradyolivia,18,Female,glennhill@outlook.com,18-25,1,Single-course
U00618,rlee,22,Male,palmerdawn@outlook.com,18-25,1,Single-course
U00619,brittanymclean,32,Female,vwilliams@yahoo.com,26-35,12,Highly Active
U00620,antonio11,30,Male,newmanrichard@gmail.com,26-35,1,Single-course
U00621,smithjill,20,Male,justinmendez@yahoo.com,18-25,2,Moderate
U00622,xhernandez,28,Female,hoodmelinda@yahoo.com,26-35,13,Highly Active
U00623,omar61,23,Female,diana26@yahoo.com,18-25,2,Moderate
U00624,reneeanderson,34,Female,jasonsmith@outlook.com,26-35,2,Moderate
U00625,kimberly36,28,Male,jeffreyhernandez@gmail.com,26-35,4,Moderate
U00626,emily75,19,Male,morganheather@hotmail.com,18-25,1,Single-course
U00627,robertsdavid,34,Female,theresa32@outlook.com,26-35,4,Moderate
U00628,david75,32,Female,brittany51@outlook.com,26-35,2,Moderate
U00629,toni46,20,Female,rickybruce@outlook.com,18-25,1,Single-course
U00630,trevorwhite,17,Male,ksmith@outlook.com,<18,3,Moderate
U00631,heathdonna,20,Male,aliciathomas@yahoo.com,18-25,2,Moderate
U00632,zknox,26,Female,mcneildaniel@hotmail.com,26-35,1,Single-course
U00633,reidlisa,35,Female,alexanderblack@gmail.com,26-35,14,Highly Active
U00634,bradley56,15,Female,prestonemily@gmail.com,<18,3,Moderate
U00635,dmahoney,26,Female,rolsen@yahoo.com,26-35,1,Single-course
U00636,parkermaria,21,Female,fgarza@yahoo.com,18-25,13,Highly Active
U00637,kbrandt,22,Female,rruiz@outlook.com,18-25,2,Moderate
U00638,austin36,19,Female,moyerbrian@outlook.com,18-25,2,Moderate
U00639,wscott,33,Female,joshuaharrell@hotmail.com,26-35,14,Highly Active
U00640,jon73,31,Male,yjackson@gmail.com,26-35,1,Single-course
U00641,nancy60,32,Male,kayleewashington@gmail.com,26-35,1,Single-course
U00642,rmeza,17,Male,christopherfarrell@yahoo.com,<18,2,Moderate
U00643,cynthia57,20,Female,nthomas@gmail.com,18-25,1,Single-course
U00644,montgomerykathleen,20,Female,ymata@hotmail.com,18-25,1,Single-course
U00645,dennis23,23,Female,johnsonkimberly@yahoo.com,18-25,1,Single-course
U00646,smurphy,29,Female,jamie76@hotmail.com,26-35,1,Single-course
U00647,richard50,26,Female,jwatkins@outlook.com,26-35,1,Single-course
U00648,madeline85,19,Male,mcclainderrick@yahoo.com,18-25,2,Moderate
U00649,thomaslawson,32,Male,thomas06@outlook.com,26-35,1,Single-course
U00650,xknapp,26,Female,samuelolson@hotmail.com,26-35,1,Single-course
U00651,mmeadows,29,Male,johnwright@hotmail.com,26-35,4,Moderate
U00652,cwebb,16,Female,cassidyanderson@gmail.com,<18,2,Moderate
U00653,terrigreen,15,Male,michelle26@yahoo.com,<18,1,Single-course
U00654,ehall,24,Male,brandon30@gmail.com,18-25,2,Moderate
U00655,jbailey,33,Female,bmason@gmail.com,26-35,1,Single-course
U00656,vanessapearson,31,Male,johnbarnett@hotmail.com,26-35,1,Single-course
U00657,bensonandrew,23,Male,swilson@hotmail.com,18-25,1,Single-course
U00658,djohnston,23,Female,timothyfarmer@yahoo.com,18-25,1,Single-course
U00659,dbennett,33,Male,rebekahjacobson@hotmail.com,26-35,2,Moderate
U00660,gardnerjohn,22,Male,harrisdavid@outlook.com,18-25,2,Moderate
U00661,robert38,23,Female,curtispaul@gmail.com,18-25,4,Moderate
U00662,greggcarter,30,Female,debra93@gmail.com,26-35,1,Single-course
U00663,brittneysanders,35,Male,elowe@yahoo.com,26-35,1,Single-course
U00664,lopezashley,17,Male,jeremy21@outlook.com,<18,1,Single-course
U00665,laura09,35,Male,millersonya@yahoo.com,26-35,1,Single-course
U00666,idavis,30,Female,lucasderek@hotmail.com,26-35,12,Highly Active
U00667,oconnorjennifer,18,Female,emily56@gmail.com,18-25,2,Moderate
U00668,jeffreybishop,34,Female,hernandezthomas@yahoo.com,26-35,2,Moderate
U00669,yvette06,20,Female,joseph22@hotmail.com,18-25,1,Single-course
U00670,david51,17,Male,nathan64@gmail.com,<18,2,Moderate
U00671,brandonsteele,18,Female,louis72@gmail.com,18-25,1,Single-course
U00672,andersonanita,15,Male,derrick43@gmail.com,<18,1,Single-course
U00673,michaeldavid,24,Female,harveytaylor@gmail.com,18-25,2,Moderate
U00674,stephen71,21,Male,zoliver@hotmail.com,18-25,1,Single-course
U00675,hollandashley,20,Female,courtneybryant@yahoo.com,18-25,1,Single-course
U00676,qwilliams,32,Male,scott24@yahoo.com,26-35,2,Moderate
U00677,jodynolan,35,Female,lhill@outlook.com,26-35,1,Single-course
U00678,brooksheather,33,Female,danielmelendez@outlook.com,26-35,1,Single-course
U00679,morganscott,28,Male,michellelang@yahoo.com,26-35,1,Single-course
U00680,patricia23,35,Female,martinburch@yahoo.com,26-35,1,Single-course
U00681,mary67,32,Male,henglish@gmail.com,26-35,2,Moderate
U00682,moneill,33,Male,imiles@yahoo.com,26-35,1,Single-course
U00683,fernandeznathan,20,Female,paulsanchez@yahoo.com,18-25,1,Single-course
U00684,kennethjohnston,28,Female,bradfordwayne@gmail.com,26-35,3,Moderate
U00685,nwashington,29,Female,tracey29@gmail.com,26-35,1,Single-course
U00686,kjohnson,35,Female,ojames@hotmail.com,26-35,1,Single-course
U00687,richard03,29,Female,smithadam@yahoo.com,26-35,15,Highly Active
U00688,cassandra27,30,Female,allen54@gmail.com,26-35,2,Moderate
U00689,mary45,19,Female,jennifersmith@outlook.com,18-25,2,Moderate
U00690,chad34,29,Female,laurie35@outlook.com,26-35,1,Single-course
U00691,bthompson,16,Female,ehebert@outlook.com,<18,1,Single-course
U00692,ramirezcarol,27,Male,turnerkathleen@hotmail.com,26-35,1,Single-course
U00693,sawyerjustin,35,Female,tracyhernandez@hotmail.com,26-35,1,Single-course
U00694,gthompson,33,Female,brownrachel@gmail.com,26-35,1,Single-course
U00695,escobardaniel,31,Female,michaelwilliams@yahoo.com,26-35,1,Single-course
U00696,edwardbryant,25,Male,rpratt@outlook.com,18-25,1,Single-course
U00697,rebekah50,32,Female,sean35@hotmail.com,26-35,1,Single-course
U00698,petersonkaren,32,Female,sanchezlawrence@outlook.com,26-35,2,Moderate
U00699,noah18,20,Male,armstrongdanielle@yahoo.com,18-25,2,Moderate
U00700,amyarnold,25,Male,rkelly@yahoo.com,18-25,1,Single-course
U00701,alexis83,32,Male,wcowan@yahoo.com,26-35,14,Highly Active
U00702,robertwashington,22,Female,jason32@outlook.com,18-25,3,Moderate
U00703,traviswilson,32,Female,holmesjustin@yahoo.com,26-35,3,Moderate
U00704,veronica98,30,Male,john82@outlook.com,26-35,13,Highly Active
U00705,lynnburke,15,Male,navarrosteven@gmail.com,<18,1,Single-course
U00706,jonesmary,21,Male,jonespatricia@outlook.com,18-25,2,Moderate
U00707,eric25,29,Male,nathanthomas@hotmail.com,26-35,1,Single-course
U00708,rodney07,29,Female,stephaniedavis@outlook.com,26-35,1,Single-course
U00709,ygregory,23,Female,nsmith@yahoo.com,18-25,14,Highly Active
U00710,virginia47,19,Male,mullinsdavid@outlook.com,18-25,1,Single-course
U00711,ataylor,27,Male,allenerica@outlook.com,26-35,2,Moderate
U00712,wendybrown,27,Female,jarvischelsea@outlook.com,26-35,2,Moderate
U00713,joseph60,17,Female,nancy15@outlook.com,<18,1,Single-course
U00714,curtissmith,25,Male,rgreene@gmail.com,18-25,3,Moderate
U00715,teresalynn,25,Female,christopher01@gmail.com,18-25,1,Single-course
U00716,victoriawalter,29,Male,cjones@gmail.com,26-35,4,Moderate
U00717,michaeljohnson,34,Female,webernicholas@yahoo.com,26-35,1,Single-course
U00718,christopher99,27,Female,mia13@yahoo.com,26-35,2,Moderate
U00719,diazlinda,25,Female,nmiller@yahoo.com,18-25,1,Single-course
U00720,coleashley,17,Female,briggsgrant@hotmail.com,<18,1,Single-course
U00721,adavenport,20,Female,cgriffin@outlook.com,18-25,1,Single-course
U00722,smontgomery,16,Female,michaelhunter@gmail.com,<18,3,Moderate
U00723,tcolon,35,Male,benjamin17@hotmail.com,26-35,14,Highly Active
U00724,elizabeth68,16,Female,patrick77@hotmail.com,<18,15,Highly Active
U00725,martinbarbara,28,Female,christine02@gmail.com,26-35,1,Single-course
U00726,ssanchez,26,Female,erikamccann@outlook.com,26-35,1,Single-course
U00727,jeffreystewart,33,Female,tsexton@gmail.com,26-35,4,Moderate
U00728,teresa67,17,Male,christopher71@hotmail.com,<18,1,Single-course
U00729,vsmith,30,Male,william39@yahoo.com,26-35,2,Moderate
U00730,nbuckley,30,Male,ianderson@hotmail.com,26-35,2,Moderate
U00731,duane21,16,Male,spearsmitchell@outlook.com,<18,2,Moderate
U00732,andrew96,22,Male,darryllucas@hotmail.com,18-25,1,Single-course
U00733,evansjill,28,Female,randyberry@yahoo.com,26-35,1,Single-course
U00734,georgemartin,20,Male,christophercox@outlook.com,18-25,4,Moderate
U00735,brian79,17,Male,mejiaveronica@gmail.com,<18,2,Moderate
U00736,yarmstrong,19,Female,miranda26@yahoo.com,18-25,1,Single-course
U00737,david99,18,Male,ddaniel@outlook.com,18-25,2,Moderate
U00738,kevin65,29,Female,christopherharris@gmail.com,26-35,3,Moderate
U00739,robinsonaaron,25,Female,katie36@gmail.com,18-25,1,Single-course
U00740,lrodgers,34,Female,pamerickson@hotmail.com,26-35,1,Single-course
U00741,joseph57,33,Female,robertbennett@hotmail.com,26-35,4,Moderate
U00742,sthomas,29,Male,christina80@gmail.com,26-35,1,Single-course
U00743,kchandler,19,Male,moralesmicheal@gmail.com,18-25,4,Moderate
U00744,susan70,15,Male,shannonbell@yahoo.com,<18,1,Single-course
U00745,colemanshannon,29,Female,laura10@hotmail.com,26-35,2,Moderate
U00746,brianwright,28,Male,middletonmiranda@gmail.com,26-35,2,Moderate
U00747,scruz,28,Female,fmiller@gmail.com,26-35,1,Single-course
U00748,gyang,30,Female,pwhite@gmail.com,26-35,2,Moderate
U00749,suarezjason,18,Male,shelly11@outlook.com,18-25,1,Single-course
U00750,brittany20,23,Female,brittany01@outlook.com,18-25,1,Single-course
U00751,alex00,19,Male,tkane@hotmail.com,18-25,1,Single-course
U00752,gregoryramirez,30,Male,johnnyhenderson@outlook.com,26-35,13,Highly Active
U00753,fallen,28,Male,piercejustin@hotmail.com,26-35,2,Moderate
U00754,wchapman,33,Male,daniel53@hotmail.com,26-35,1,Single-course
U00755,fnelson,31,Male,schmidtrussell@outlook.com,26-35,1,Single-course
U00756,gloverronald,33,Female,tara80@hotmail.com,26-35,1,Single-course
U00757,greghiggins,22,Female,chris37@yahoo.com,18-25,1,Single-course
U00758,jacobcherry,16,Male,wongana@yahoo.com,<18,1,Single-course
U00759,jerryfuentes,22,Male,alec74@hotmail.com,18-25,1,Single-course
U00760,donnahudson,21,Female,steven45@gmail.com,18-25,13,Highly Active
U00761,vthomas,31,Male,bellbrian@gmail.com,26-35,1,Single-course
U00762,marieboyd,22,Female,lbryant@gmail.com,18-25,1,Single-course
U00763,ccook,16,Male,nenglish@hotmail.com,<18,1,Single-course
U00764,millerjay,18,Male,smithvictoria@yahoo.com,18-25,2,Moderate
U00765,carrillonathaniel,31,Female,brittany31@yahoo.com,26-35,11,Highly Active
U00766,rebecca41,31,Female,brockvirginia@outlook.com,26-35,3,Moderate
U00767,iestes,16,Female,idavis@yahoo.com,<18,14,Highly Active
U00768,castilloallen,19,Male,devon29@yahoo.com,18-25,2,Moderate
U00769,nicholaswatkins,16,Female,campbellsharon@gmail.com,<18,1,Single-course
U00770,pnorris,29,Male,laurennavarro@gmail.com,26-35,1,Single-course
U00771,ashley15,18,Male,lewisjamie@outlook.com,18-25,1,Single-course
U00772,lindseylawson,24,Female,brandon45@yahoo.com,18-25,13,Highly Active
U00773,tlewis,25,Female,jonesrachel@gmail.com,18-25,1,Single-course
U00774,qarmstrong,27,Male,jodyolson@outlook.com,26-35,1,Single-course
U00775,timothy66,29,Female,gregoryalison@hotmail.com,26-35,14,Highly Active
U00776,smithgloria,26,Female,rbrown@yahoo.com,26-35,1,Single-course
U00777,donaldcastillo,29,Male,lewisrachael@outlook.com,26-35,4,Moderate
U00778,darrencarey,33,Male,kristina95@gmail.com,26-35,2,Moderate
U00779,vargasemily,24,Female,westvictor@gmail.com,18-25,1,Single-course
U00780,christopherduran,32,Female,haleygould@yahoo.com,26-35,1,Single-course
U00781,lucasnorman,18,Female,martindeborah@gmail.com,18-25,1,Single-course
U00782,hholt,25,Male,grodgers@hotmail.com,18-25,1,Single-course
U00783,joliver,35,Female,courtneyanthony@gmail.com,26-35,2,Moderate
U00784,obrienjessica,22,Female,stephaniereed@yahoo.com,18-25,2,Moderate
U00785,fisherkathryn,17,Female,menglish@yahoo.com,<18,1,Single-course
U00786,johnobrien,32,Female,tduncan@gmail.com,26-35,13,Highly Active
U00787,alexisjones,29,Female,nwatts@outlook.com,26-35,9,Highly Active
U00788,dalton45,24,Male,jessica89@yahoo.com,18-25,2,Moderate
U00789,edwardbishop,17,Female,hgeorge@gmail.com,<18,2,Moderate
U00790,weekssamuel,16,Female,hensonkevin@yahoo.com,<18,2,Moderate
U00791,ggibbs,34,Female,megan67@yahoo.com,26-35,2,Moderate
U00792,ralphrobertson,20,Male,piercestacy@hotmail.com,18-25,1,Single-course
U00793,jasonchapman,19,Male,amberrice@gmail.com,18-25,4,Moderate
U00794,zperkins,23,Female,deanna03@yahoo.com,18-25,2,Moderate
U00795,pkent,34,Female,kellymoore@gmail.com,26-35,3,Moderate
U00796,belljacob,22,Female,rachellewis@outlook.com,18-25,2,Moderate
U00797,djohnson,20,Male,brenda73@outlook.com,18-25,3,Moderate
U00798,phillipgarza,19,Female,ashleyjohnson@outlook.com,18-25,1,Single-course
U00799,danielle30,26,Female,april48@outlook.com,26-35,2,Moderate
U00800,denniskara,29,Female,petersonamber@yahoo.com,26-35,2,Moderate
U00801,pmorse,32,Female,kellieandrade@hotmail.com,26-35,2,Moderate
U00802,garciabradley,31,Male,susan84@outlook.com,26-35,2,Moderate
U00803,vyoung,26,Male,murphyelijah@hotmail.com,26-35,3,Moderate
U00804,alexander76,24,Female,volson@hotmail.com,18-25,2,Moderate
U00805,shelly99,18,Female,fosterabigail@gmail.com,18-25,1,Single-course
U00806,hollowaybrian,27,Male,hardyann@hotmail.com,26-35,1,Single-course
U00807,mark87,35,Female,theresa07@outlook.com,26-35,1,Single-course
U00808,randalljensen,27,Female,sandrashaw@outlook.com,26-35,1,Single-course
U00809,terrismith,24,Male,phansen@gmail.com,18-25,1,Single-course
U00810,nshort,28,Male,kelsey23@hotmail.com,26-35,1,Single-course
U00811,rachel13,25,Female,kimberly43@gmail.com,18-25,3,Moderate
U00812,greenbradley,24,Female,jenniferpalmer@yahoo.com,18-25,3,Moderate
U00813,oberg,33,Male,andersonanthony@hotmail.com,26-35,4,Moderate
U00814,dana01,21,Female,hhoover@yahoo.com,18-25,1,Single-course
U00815,blevinskenneth,17,Male,pcardenas@outlook.com,<18,2,Moderate
U00816,nortonjennifer,34,Male,christopher24@hotmail.com,26-35,3,Moderate
U00817,xwilkins,35,Female,adaugherty@gmail.com,26-35,1,Single-course
U00818,josephthornton,20,Female,cynthia81@gmail.com,18-25,1,Single-course
U00819,macdonaldbarry,28,Female,greenangela@yahoo.com,26-35,14,Highly Active
U00820,rhunt,31,Female,georgeamanda@hotmail.com,26-35,3,Moderate
U00821,sarawashington,23,Male,ashley12@yahoo.com,18-25,13,Highly Active
U00822,iweber,35,Female,allenjason@gmail.com,26-35,1,Single-course
U00823,burgessashley,22,Male,jsalinas@outlook.com,18-25,1,Single-course
U00824,mary48,27,Male,josesmith@yahoo.com,26-35,1,Single-course
U00825,odavis,26,Male,richard58@gmail.com,26-35,3,Moderate
U00826,jamespatel,16,Male,maddoxashley@outlook.com,<18,1,Single-course
U00827,joshua59,26,Female,morrisonbrian@yahoo.com,26-35,2,Moderate
U00828,tanya22,25,Male,brian39@hotmail.com,18-25,3,Moderate
U00829,hthomas,22,Male,householly@hotmail.com,18-25,16,Highly Active
U00830,cookreginald,26,Female,qhiggins@outlook.com,26-35,1,Single-course
U00831,stephanie39,18,Male,henryanderson@yahoo.com,18-25,2,Moderate
U00832,chumphrey,20,Female,fingram@yahoo.com,18-25,1,Single-course
U00833,anna24,32,Female,yangryan@hotmail.com,26-35,3,Moderate
U00834,connor47,30,Male,foxrachel@gmail.com,26-35,1,Single-course
U00835,jonesnatalie,33,Female,johnstonheather@hotmail.com,26-35,1,Single-course
U00836,vlee,29,Female,mgonzalez@gmail.com,26-35,15,Highly Active
U00837,summersbenjamin,28,Male,tina58@outlook.com,26-35,4,Moderate
U00838,johnmclean,25,Female,ibailey@hotmail.com,18-25,12,Highly Active
U00839,richardgonzales,33,Male,anne86@outlook.com,26-35,1,Single-course
U00840,kristen96,18,Male,evanschad@gmail.com,18-25,3,Moderate
U00841,potterchristine,29,Female,zjones@hotmail.com,26-35,1,Single-course
U00842,johnsonmichael,21,Female,slucas@hotmail.com,18-25,2,Moderate
U00843,danielrivera,21,Male,shieldsjustin@outlook.com,18-25,1,Single-course
U00844,bellnicholas,26,Male,rachelharris@gmail.com,26-35,1,Single-course
U00845,larry84,25,Female,selena53@hotmail.com,18-25,1,Single-course
U00846,geraldbrown,16,Male,amanda42@hotmail.com,<18,1,Single-course
U00847,cscott,23,Male,adamsjessica@gmail.com,18-25,1,Single-course
U00848,wlindsey,28,Male,alan56@hotmail.com,26-35,4,Moderate
U00849,patrick51,20,Male,thompsonjack@gmail.com,18-25,2,Moderate
U00850,christopheradams,26,Male,brandon52@hotmail.com,26-35,15,Highly Active
U00851,jamesandersen,21,Male,gregorycastillo@outlook.com,18-25,1,Single-course
U00852,scottgoodman,23,Male,mthomas@gmail.com,18-25,13,Highly Active
U00853,qhancock,24,Male,jessicatate@yahoo.com,18-25,2,Moderate
U00854,jeffery46,28,Male,jenniferking@gmail.com,26-35,2,Moderate
U00855,cmoody,15,Female,jonathan95@yahoo.com,<18,1,Single-course
U00856,jeffreyosborne,21,Female,abrown@yahoo.com,18-25,1,Single-course
U00857,rjohnson,15,Male,fshaw@outlook.com,<18,1,Single-course
U00858,hperez,20,Male,josephramirez@gmail.com,18-25,15,Highly Active
U00859,connie76,22,Male,fjones@outlook.com,18-25,1,Single-course
U00860,charlesromero,23,Female,sabrinagarcia@yahoo.com,18-25,1,Single-course
U00861,cjones,22,Female,williamporter@hotmail.com,18-25,1,Single-course
U00862,ucampbell,18,Female,ycruz@outlook.com,18-25,1,Single-course
U00863,carlachambers,23,Female,catherine34@gmail.com,18-25,1,Single-course
U00864,taralucas,22,Female,wesleygomez@hotmail.com,18-25,1,Single-course
U00865,ynguyen,27,Male,katievasquez@hotmail.com,26-35,1,Single-course
U00866,kevinbryant,30,Male,kaneamber@yahoo.com,26-35,1,Single-course
U00867,kadams,30,Male,smiththomas@yahoo.com,26-35,1,Single-course
U00868,brookelester,16,Female,jeannejones@yahoo.com,<18,1,Single-course
U00869,kathy66,19,Male,hernandezcrystal@gmail.com,18-25,1,Single-course
U00870,sarah55,22,Male,kennethbrown@outlook.com,18-25,15,Highly Active
U00871,harrisangel,26,Male,rebecca41@gmail.com,26-35,2,Moderate
U00872,leonard49,27,Male,uwhite@outlook.com,26-35,1,Single-course
U00873,nicholas43,28,Male,deanbrandon@hotmail.com,26-35,1,Single-course
U00874,daniel14,25,Male,webbalexander@yahoo.com,18-25,12,Highly Active
U00875,lauren47,23,Male,cnorman@hotmail.com,18-25,1,Single-course
U00876,steven86,27,Male,ghart@outlook.com,26-35,14,Highly Active
U00877,brian68,35,Male,albert18@yahoo.com,26-35,1,Single-course
U00878,gregory34,31,Male,christian06@hotmail.com,26-35,1,Single-course
U00879,andrea15,18,Female,ygarcia@gmail.com,18-25,3,Moderate
U00880,burnettjennifer,15,Male,jodi61@outlook.com,<18,1,Single-course
U00881,jayala,34,Female,austinamy@outlook.com,26-35,16,Highly Active
U00882,tyrone43,34,Female,adamjensen@gmail.com,26-35,1,Single-course
U00883,brittany87,27,Female,anthony51@hotmail.com,26-35,3,Moderate
U00884,davenportjerome,19,Male,fosteredward@hotmail.com,18-25,1,Single-course
U00885,moralessherri,28,Female,robinsonmichelle@gmail.com,26-35,1,Single-course
U00886,brenda56,22,Female,joshuacarrillo@hotmail.com,18-25,2,Moderate
U00887,joseph48,17,Male,fordmichelle@hotmail.com,<18,1,Single-course
U00888,ywright,15,Male,rubenvargas@outlook.com,<18,4,Moderate
U00889,robbinscatherine,31,Female,glopez@gmail.com,26-35,1,Single-course
U00890,jacobscharles,31,Female,jonesbrian@hotmail.com,26-35,2,Moderate
U00891,christopher59,28,Female,andrew63@gmail.com,26-35,2,Moderate
U00892,joneskayla,35,Male,jmack@hotmail.com,26-35,4,Moderate
U00893,dwillis,15,Male,johnjensen@gmail.com,<18,12,Highly Active
U00894,edwardsjared,28,Female,donna27@gmail.com,26-35,3,Moderate
U00895,seanlambert,15,Male,garnerjohn@hotmail.com,<18,4,Moderate
U00896,calvindavis,29,Female,matanancy@hotmail.com,26-35,4,Moderate
U00897,zmarshall,20,Male,rjohnson@outlook.com,18-25,1,Single-course
U00898,michelleramos,24,Female,fschwartz@gmail.com,18-25,12,Highly Active
U00899,hallbrian,19,Male,ydavis@hotmail.com,18-25,1,Single-course
U00900,kochshannon,26,Female,yclark@gmail.com,26-35,2,Moderate
U00901,adam68,23,Female,john91@outlook.com,18-25,1,Single-course
U00902,jacobscameron,29,Male,christinapeterson@yahoo.com,26-35,2,Moderate
U00903,rojasjames,29,Female,omoon@gmail.com,26-35,13,Highly Active
U00904,kristen47,16,Female,vmclean@yahoo.com,<18,1,Single-course
U00905,llawrence,15,Male,daniel77@outlook.com,<18,1,Single-course
U00906,nicholsonkaren,34,Female,michaelsmith@outlook.com,26-35,1,Single-course
U00907,pachecomary,23,Female,adam92@outlook.com,18-25,12,Highly Active
U00908,tommywilkinson,16,Female,sarah20@gmail.com,<18,1,Single-course
U00909,kristinevance,35,Female,whiteeric@hotmail.com,26-35,1,Single-course
U00910,ramirezaaron,20,Female,costatraci@hotmail.com,18-25,3,Moderate
U00911,qallen,15,Female,jennifercollins@yahoo.com,<18,10,Highly Active
U00912,anthony80,28,Male,stephaniezimmerman@yahoo.com,26-35,1,Single-course
U00913,boyerjoseph,35,Female,michaeladams@hotmail.com,26-35,1,Single-course
U00914,goodwinmichelle,22,Male,danielmcclure@hotmail.com,18-25,1,Single-course
U00915,phillipssean,24,Female,carolynrivera@outlook.com,18-25,13,Highly Active
U00916,donnacarlson,20,Male,cooperzachary@yahoo.com,18-25,1,Single-course
U00917,tylersheppard,28,Female,webbheather@hotmail.com,26-35,15,Highly Active
U00918,maddoxmichael,35,Male,joshuadelgado@outlook.com,26-35,1,Single-course
U00919,kwheeler,28,Male,wbarrera@gmail.com,26-35,14,Highly Active
U00920,robertortiz,18,Female,randy02@gmail.com,18-25,1,Single-course
U00921,nharris,26,Male,joshuaduran@gmail.com,26-35,1,Single-course
U00922,rwilliams,31,Female,hball@outlook.com,26-35,2,Moderate
U00923,scott83,29,Female,nataliejackson@gmail.com,26-35,3,Moderate
U00924,grahammary,34,Male,traceyortiz@gmail.com,26-35,1,Single-course
U00925,tjackson,31,Male,mmendoza@yahoo.com,26-35,2,Moderate
U00926,debbie38,32,Male,michelewolf@gmail.com,26-35,2,Moderate
U00927,kbowman,26,Male,lguerrero@yahoo.com,26-35,2,Moderate
U00928,uleon,33,Female,butlermichael@outlook.com,26-35,12,Highly Active
U00929,taylortiffany,25,Female,jennifergilbert@yahoo.com,18-25,4,Moderate
U00930,joe26,34,Male,jeffreyramirez@hotmail.com,26-35,3,Moderate
U00931,pgrant,31,Male,jeffreyvaughn@outlook.com,26-35,1,Single-course
U00932,yolandamckinney,21,Male,qjimenez@yahoo.com,18-25,1,Single-course
U00933,rebeccagrant,27,Female,millerjessica@hotmail.com,26-35,1,Single-course
U00934,clarkamanda,15,Female,jimmycampbell@outlook.com,<18,1,Single-course
U00935,andrew43,16,Female,hoconnell@outlook.com,<18,1,Single-course
U00936,markmcbride,30,Female,hrobinson@hotmail.com,26-35,1,Single-course
U00937,kimberly76,35,Male,billyhamilton@hotmail.com,26-35,1,Single-course
U00938,kellylevy,30,Male,uball@hotmail.com,26-35,1,Single-course
U00939,regina72,18,Male,autumn95@yahoo.com,18-25,1,Single-course
U00940,bhughes,15,Female,patrickdavis@hotmail.com,<18,1,Single-course
U00941,riceemily,20,Female,michael80@gmail.com,18-25,2,Moderate
U00942,greeves,21,Male,jonathanmullins@hotmail.com,18-25,1,Single-course
U00943,patrickevans,21,Female,christopheraguilar@hotmail.com,18-25,2,Moderate
U00944,mcdowellrichard,28,Female,mwoods@yahoo.com,26-35,1,Single-course
U00945,meganaguilar,27,Female,jenna45@gmail.com,26-35,1,Single-course
U00946,cobbrebecca,20,Female,esmith@hotmail.com,18-25,1,Single-course
U00947,phillipsthomas,31,Female,robert99@yahoo.com,26-35,1,Single-course
U00948,jenna85,34,Male,harringtonjason@hotmail.com,26-35,3,Moderate
U00949,andersondaniel,16,Male,dustinsimmons@hotmail.com,<18,4,Moderate
U00950,loricruz,33,Female,amartinez@yahoo.com,26-35,1,Single-course
U00951,perkinsian,15,Male,benjamintaylor@gmail.com,<18,2,Moderate
U00952,fullerlaura,22,Female,dreeves@gmail.com,18-25,2,Moderate
U00953,lindsay67,31,Male,randall43@hotmail.com,26-35,3,Moderate
U00954,emily45,21,Female,judywilliams@yahoo.com,18-25,2,Moderate
U00955,howardfranco,35,Female,christopher22@hotmail.com,26-35,3,Moderate
U00956,sarahwilliams,21,Female,kellygregory@hotmail.com,18-25,1,Single-course
U00957,courtneyspence,22,Male,xmartin@gmail.com,18-25,3,Moderate
U00958,vanessa84,28,Female,douglas85@gmail.com,26-35,2,Moderate
U00959,jillianbenitez,22,Male,brownmonica@outlook.com,18-25,13,Highly Active
U00960,zdominguez,17,Male,jenniferzavala@gmail.com,<18,1,Single-course
U00961,yodervalerie,31,Male,elizabeth16@outlook.com,26-35,14,Highly Active
U00962,mullenraven,20,Male,jamesgreen@hotmail.com,18-25,1,Single-course
U00963,xespinoza,20,Female,arivera@yahoo.com,18-25,2,Moderate
U00964,melissa75,16,Female,chavezbryce@outlook.com,<18,1,Single-course
U00965,alexanderhart,34,Female,abigailstevens@hotmail.com,26-35,1,Single-course
U00966,don65,23,Female,autumn61@outlook.com,18-25,1,Single-course
U00967,haledalton,15,Male,tevans@outlook.com,<18,14,Highly Active
U00968,wmartin,21,Male,bryan25@outlook.com,18-25,2,Moderate
U00969,kevin31,29,Male,karina05@gmail.com,26-35,1,Single-course
U00970,lcollins,18,Male,kelly21@yahoo.com,18-25,1,Single-course
U00971,xhicks,19,Female,ybaldwin@gmail.com,18-25,3,Moderate
U00972,dross,27,Female,juanthomas@gmail.com,26-35,4,Moderate
U00973,robertsnicolas,22,Male,mark15@yahoo.com,18-25,1,Single-course
U00974,qcraig,31,Male,stephensonelizabeth@yahoo.com,26-35,1,Single-course
U00975,kroman,35,Female,jrobinson@hotmail.com,26-35,1,Single-course
U00976,johnsonchristopher,30,Male,lynchnorma@gmail.com,26-35,12,Highly Active
U00977,mrubio,33,Female,birdjeanette@yahoo.com,26-35,1,Single-course
U00978,hgonzalez,18,Male,sherrypalmer@gmail.com,18-25,1,Single-course
U00979,berryjohn,16,Female,richard23@hotmail.com,<18,3,Moderate
U00980,oliverwayne,17,Male,fdavis@yahoo.com,<18,1,Single-course
U00981,vbryant,34,Male,zachary79@yahoo.com,26-35,13,Highly Active
U00982,austinandrea,27,Female,gmontoya@outlook.com,26-35,1,Single-course
U00983,richardrhodes,26,Female,thomasperry@yahoo.com,26-35,1,Single-course
U00984,ilambert,27,Male,hhall@outlook.com,26-35,1,Single-course
U00985,sara25,21,Male,sara90@hotmail.com,18-25,1,Single-course
U00986,crystalharris,25,Male,davidmartin@outlook.com,18-25,2,Moderate
U00987,jonathanhanson,27,Female,melissa05@gmail.com,26-35,1,Single-course
U00988,haley70,21,Female,adouglas@yahoo.com,18-25,1,Single-course
U00989,dillonmatthew,26,Male,dbrewer@yahoo.com,26-35,12,Highly Active
U00990,nunezsandra,20,Male,hallcarl@outlook.com,18-25,1,Single-course
U00991,fernandezkristen,30,Male,stephanieyork@gmail.com,26-35,1,Single-course
U00992,achase,22,Female,pdean@outlook.com,18-25,4,Moderate
U00993,jamesarnold,17,Male,crystalblankenship@outlook.com,<18,1,Single-course
U00994,chaneyjeremy,29,Female,hannah24@gmail.com,26-35,1,Single-course
U00995,yholloway,27,Female,victoriawelch@hotmail.com,26-35,2,Moderate
U00996,jon28,24,Male,myersanna@gmail.com,18-25,1,Single-course
U00997,vmyers,34,Female,edwardbarrera@outlook.com,26-35,15,Highly Active
U00998,brendarogers,18,Male,mckayandrea@gmail.com,18-25,2,Moderate
U00999,tshaffer,33,Female,reedjeffrey@outlook.com,26-35,1,Single-course
U01000,tara10,16,Female,matthewserrano@gmail.com,<18,12,Highly Active
U01001,matthewrobertson,18,Male,briannaalvarado@yahoo.com,18-25,1,Single-course
U01002,paul47,19,Male,sara84@yahoo.com,18-25,1,Single-course
U01003,james19,35,Male,cameron98@hotmail.com,26-35,1,Single-course
U01004,albertbell,16,Female,rachel22@yahoo.com,<18,1,Single-course
U01005,zshelton,19,Male,eric88@hotmail.com,18-25,1,Single-course
U01006,youngcolleen,19,Male,shannonmiller@yahoo.com,18-25,2,Moderate
U01007,thompsonalicia,30,Male,maldonadopaul@gmail.com,26-35,1,Single-course
U01008,julie04,18,Male,enewton@outlook.com,18-25,2,Moderate
U01009,jessicamorrow,15,Female,narnold@hotmail.com,<18,1,Single-course
U01010,staceybrown,35,Female,matthewlawrence@gmail.com,26-35,1,Single-course
U01011,uarnold,18,Male,ginabenitez@gmail.com,18-25,1,Single-course
U01012,aolson,35,Female,kimberlylong@gmail.com,26-35,1,Single-course
U01013,pcook,22,Male,kimberly96@yahoo.com,18-25,3,Moderate
U01014,jessicalong,17,Male,stevenperez@yahoo.com,<18,3,Moderate
U01015,coledennis,29,Male,browndavid@outlook.com,26-35,15,Highly Active
U01016,nwright,27,Female,sandovalnorma@yahoo.com,26-35,2,Moderate
U01017,dhernandez,21,Female,tylermartin@gmail.com,18-25,2,Moderate
U01018,shannonrobertson,23,Female,sarasparks@yahoo.com,18-25,1,Single-course
U01019,monique55,27,Male,rossashley@gmail.com,26-35,1,Single-course
U01020,vwhitehead,28,Male,shannonsparks@gmail.com,26-35,12,Highly Active
U01021,richardmendez,29,Female,wernerleon@yahoo.com,26-35,2,Moderate
U01022,butlerjessica,17,Male,lisa97@gmail.com,<18,13,Highly Active
U01023,eford,18,Male,david19@outlook.com,18-25,2,Moderate
U01024,yandersen,17,Female,fmeyer@hotmail.com,<18,3,Moderate
U01025,tyronepham,34,Male,loriyoung@outlook.com,26-35,1,Single-course
U01026,montescrystal,33,Female,ayalaariana@outlook.com,26-35,1,Single-course
U01027,candice51,32,Male,tinastevens@gmail.com,26-35,2,Moderate
U01028,gchapman,23,Female,tammy34@hotmail.com,18-25,2,Moderate
U01029,mooneyjoseph,15,Male,samantha60@outlook.com,<18,1,Single-course
U01030,jkennedy,23,Female,jonesalexandra@outlook.com,18-25,1,Single-course
U01031,vasquezsarah,15,Male,ocurry@hotmail.com,<18,13,Highly Active
U01032,brownvanessa,16,Male,kathleenjones@yahoo.com,<18,14,Highly Active
U01033,dsampson,30,Male,xsingleton@outlook.com,26-35,13,Highly Active
U01034,thomas88,18,Female,michael37@gmail.com,18-25,12,Highly Active
U01035,robert02,33,Male,vmueller@hotmail.com,26-35,3,Moderate
U01036,johnwatson,35,Male,cheryl57@hotmail.com,26-35,1,Single-course
U01037,jeremy46,32,Female,wyatt99@gmail.com,26-35,1,Single-course
U01038,tanya50,33,Male,lunajuan@hotmail.com,26-35,1,Single-course
U01039,zellis,21,Female,misty82@gmail.com,18-25,1,Single-course
U01040,ecook,21,Female,gamblejames@gmail.com,18-25,1,Single-course
U01041,nortontiffany,23,Female,karen17@yahoo.com,18-25,1,Single-course
U01042,xjohnson,26,Male,ashleymcbride@outlook.com,26-35,1,Single-course
U01043,howardtammie,19,Female,devinanderson@outlook.com,18-25,4,Moderate
U01044,kwhite,31,Female,jeffreybell@hotmail.com,26-35,1,Single-course
U01045,brandonperkins,32,Female,jamescastro@yahoo.com,26-35,2,Moderate
U01046,ijordan,28,Female,zgray@hotmail.com,26-35,1,Single-course
U01047,sarah46,29,Female,vlawson@hotmail.com,26-35,1,Single-course
U01048,hwilliams,16,Female,vazquezsusan@outlook.com,<18,1,Single-course
U01049,sramirez,34,Male,danielle21@outlook.com,26-35,2,Moderate
U01050,charlotte36,25,Female,cameron97@outlook.com,18-25,1,Single-course
U01051,fmanning,18,Female,whitneysarah@gmail.com,18-25,2,Moderate
U01052,villakenneth,22,Female,franklinmichelle@outlook.com,18-25,2,Moderate
U01053,gonzalesmatthew,26,Female,thomaslivingston@outlook.com,26-35,1,Single-course
U01054,jason85,20,Female,jacqueline31@yahoo.com,18-25,2,Moderate
U01055,gloria53,22,Female,xcasey@outlook.com,18-25,1,Single-course
U01056,heather91,15,Male,pruittmichael@hotmail.com,<18,2,Moderate
U01057,mcdowellaudrey,33,Male,richardsonangela@gmail.com,26-35,1,Single-course
U01058,jon17,34,Female,alandavis@gmail.com,26-35,2,Moderate
U01059,john53,30,Male,sandraswanson@hotmail.com,26-35,1,Single-course
U01060,edwin85,34,Female,caitlyn34@outlook.com,26-35,1,Single-course
U01061,akemp,22,Female,shelby47@outlook.com,18-25,2,Moderate
U01062,kellerkaren,22,Female,rebeccawilliams@gmail.com,18-25,1,Single-course
U01063,djones,31,Female,qhernandez@gmail.com,26-35,1,Single-course
U01064,nfields,26,Female,mstokes@gmail.com,26-35,2,Moderate
U01065,stewartdavid,15,Male,bcallahan@gmail.com,<18,4,Moderate
U01066,jennifer14,19,Female,kgonzalez@hotmail.com,18-25,12,Highly Active
U01067,kcurry,17,Male,davidwhite@hotmail.com,<18,1,Single-course
U01068,amercer,32,Female,annetteshaffer@gmail.com,26-35,2,Moderate
U01069,jonyoung,35,Male,travis38@yahoo.com,26-35,1,Single-course
U01070,mark45,32,Male,hannahpaul@yahoo.com,26-35,1,Single-course
U01071,stonecheryl,19,Female,lauramcneil@hotmail.com,18-25,2,Moderate
U01072,monica52,32,Male,cshields@yahoo.com,26-35,1,Single-course
U01073,kristinrivera,23,Male,eingram@gmail.com,18-25,2,Moderate
U01074,dfoster,26,Female,robinsondouglas@gmail.com,26-35,1,Single-course
U01075,rachel61,17,Male,alvaradochristopher@gmail.com,<18,2,Moderate
U01076,michaelcarr,20,Male,christina08@yahoo.com,18-25,1,Single-course
U01077,morenosarah,24,Female,markrose@outlook.com,18-25,2,Moderate
U01078,daniel49,27,Male,herreralinda@hotmail.com,26-35,2,Moderate
U01079,jeffreyallen,21,Male,buckkevin@gmail.com,18-25,13,Highly Active
U01080,ashley40,30,Female,tanya13@gmail.com,26-35,1,Single-course
U01081,unewman,26,Female,brianbush@gmail.com,26-35,1,Single-course
U01082,harristimothy,25,Male,efranklin@yahoo.com,18-25,1,Single-course
U01083,markmoore,29,Male,morgan59@gmail.com,26-35,15,Highly Active
U01084,pwright,24,Male,lwilson@yahoo.com,18-25,13,Highly Active
U01085,bmosley,26,Female,mistygould@gmail.com,26-35,2,Moderate
U01086,zhensley,29,Female,cford@hotmail.com,26-35,1,Single-course
U01087,colerobert,19,Male,khughes@outlook.com,18-25,1,Single-course
U01088,paigeryan,21,Male,shaffersabrina@hotmail.com,18-25,2,Moderate
U01089,stewartdrew,17,Female,blackmark@outlook.com,<18,1,Single-course
U01090,lhubbard,25,Female,kimhayes@hotmail.com,18-25,2,Moderate
U01091,lisa81,29,Female,michelle24@outlook.com,26-35,2,Moderate
U01092,ureese,34,Female,mikeroberts@gmail.com,26-35,15,Highly Active
U01093,vharris,23,Female,bshields@outlook.com,18-25,1,Single-course
U01094,davidmolina,30,Male,mark40@hotmail.com,26-35,2,Moderate
U01095,kathleenrios,21,Female,floydmelanie@gmail.com,18-25,1,Single-course
U01096,karen44,18,Male,ellisteresa@hotmail.com,18-25,16,Highly Active
U01097,aaronhinton,29,Female,debra95@yahoo.com,26-35,1,Single-course
U01098,robert85,17,Female,xbarker@yahoo.com,<18,4,Moderate
U01099,joyweaver,35,Female,escott@gmail.com,26-35,1,Single-course
U01100,zparrish,24,Female,sanchezamber@gmail.com,18-25,3,Moderate
U01101,nicole06,33,Male,aprilwoodard@gmail.com,26-35,1,Single-course
U01102,brian27,23,Female,meghangreen@outlook.com,18-25,2,Moderate
U01103,ywheeler,22,Male,michellewhitney@yahoo.com,18-25,4,Moderate
U01104,russellbryant,29,Male,marshjohn@hotmail.com,26-35,1,Single-course
U01105,brownsusan,27,Male,wbailey@hotmail.com,26-35,1,Single-course
U01106,johnsjulie,31,Male,christopherbrown@outlook.com,26-35,1,Single-course
U01107,chris50,30,Female,robynsmith@gmail.com,26-35,1,Single-course
U01108,stoneandrew,16,Male,smithchristopher@hotmail.com,<18,4,Moderate
U01109,christopher92,24,Female,hallcrystal@outlook.com,18-25,1,Single-course
U01110,garrettbrandi,23,Female,kenneth82@outlook.com,18-25,2,Moderate
U01111,fitzgeraldmarie,31,Male,ericmoore@outlook.com,26-35,1,Single-course
U01112,brownbrian,24,Female,christopherpreston@hotmail.com,18-25,1,Single-course
U01113,gdavis,22,Female,angiemccann@gmail.com,18-25,1,Single-course
U01114,ericksonedward,32,Male,qchang@gmail.com,26-35,1,Single-course
U01115,nmartinez,18,Male,badams@yahoo.com,18-25,1,Single-course
U01116,wgomez,21,Female,chad64@yahoo.com,18-25,1,Single-course
U01117,brian45,23,Female,ajones@hotmail.com,18-25,1,Single-course
U01118,elliottjoseph,31,Male,davidtaylor@outlook.com,26-35,1,Single-course
U01119,bswanson,17,Female,erica19@hotmail.com,<18,1,Single-course
U01120,ashleymarshall,35,Female,paul48@yahoo.com,26-35,1,Single-course
U01121,qmcintyre,20,Male,fbrown@yahoo.com,18-25,1,Single-course
U01122,kathrynsutton,29,Female,medwards@yahoo.com,26-35,2,Moderate
U01123,garzamichael,29,Female,kimberly19@outlook.com,26-35,15,Highly Active
U01124,vgill,30,Female,richardpaul@hotmail.com,26-35,3,Moderate
U01125,sandracruz,32,Female,judyowen@hotmail.com,26-35,2,Moderate
U01126,xdaniels,15,Male,gregoryhess@outlook.com,<18,2,Moderate
U01127,amanda40,28,Female,rebecca93@hotmail.com,26-35,3,Moderate
U01128,vthompson,31,Female,castillojohn@gmail.com,26-35,2,Moderate
U01129,robertvillegas,28,Female,briana87@gmail.com,26-35,1,Single-course
U01130,calebmclaughlin,28,Male,gabriel37@hotmail.com,26-35,1,Single-course
U01131,jmartinez,25,Male,kimberly80@gmail.com,18-25,3,Moderate
U01132,sandrabrown,27,Female,bruceevans@yahoo.com,26-35,4,Moderate
U01133,mlee,35,Female,robertsalexander@outlook.com,26-35,1,Single-course
U01134,cameron67,19,Female,martinezronald@gmail.com,18-25,3,Moderate
U01135,joseph79,22,Male,ytaylor@yahoo.com,18-25,1,Single-course
U01136,carlmcclain,35,Male,lisabrown@hotmail.com,26-35,1,Single-course
U01137,jacobkerr,28,Female,johngray@gmail.com,26-35,2,Moderate
U01138,xrowland,22,Female,flemingchelsea@hotmail.com,18-25,1,Single-course
U01139,corey88,22,Female,wjohnson@hotmail.com,18-25,1,Single-course
U01140,matthew95,29,Female,hunter59@outlook.com,26-35,1,Single-course
U01141,montoyabenjamin,17,Female,bellkaren@yahoo.com,<18,1,Single-course
U01142,monicastevenson,27,Male,donaldcollier@gmail.com,26-35,2,Moderate
U01143,michealwhite,31,Male,reneehenderson@yahoo.com,26-35,14,Highly Active
U01144,fsanders,29,Female,wevans@yahoo.com,26-35,2,Moderate
U01145,hfields,15,Female,colewright@yahoo.com,<18,1,Single-course
U01146,ibrown,15,Male,adamsteresa@gmail.com,<18,13,Highly Active
U01147,wendy58,15,Male,dwhite@outlook.com,<18,1,Single-course
U01148,michaela68,28,Male,katie01@hotmail.com,26-35,2,Moderate
U01149,jbrown,26,Female,meganhuffman@outlook.com,26-35,4,Moderate
U01150,nicholeellis,20,Male,kayla32@yahoo.com,18-25,1,Single-course
U01151,jjimenez,28,Female,craig42@yahoo.com,26-35,14,Highly Active
U01152,penalisa,34,Male,mark00@hotmail.com,26-35,1,Single-course
U01153,stevenbarron,15,Female,amy11@hotmail.com,<18,1,Single-course
U01154,joanna92,24,Male,jonesjasmine@hotmail.com,18-25,2,Moderate
U01155,juan00,32,Female,derrickscott@outlook.com,26-35,4,Moderate
U01156,roblesjeremy,30,Male,lauriedavies@hotmail.com,26-35,2,Moderate
U01157,elizabeth72,31,Female,pruittshannon@gmail.com,26-35,4,Moderate
U01158,zachary52,35,Male,mathiskevin@hotmail.com,26-35,12,Highly Active
U01159,marissaherrera,26,Female,cyu@hotmail.com,26-35,1,Single-course
U01160,jbrewer,15,Female,steven39@gmail.com,<18,4,Moderate
U01161,owensteresa,33,Male,melissa33@outlook.com,26-35,1,Single-course
U01162,jacksonspencer,19,Female,suedavila@yahoo.com,18-25,1,Single-course
U01163,melissabrown,24,Male,johnross@yahoo.com,18-25,13,Highly Active
U01164,estone,25,Female,rhondawallace@hotmail.com,18-25,1,Single-course
U01165,janice83,24,Male,annette68@hotmail.com,18-25,2,Moderate
U01166,gcantu,21,Male,freemandaniel@hotmail.com,18-25,2,Moderate
U01167,manuelmcdowell,16,Female,maria23@yahoo.com,<18,11,Highly Active
U01168,dawn22,27,Female,jimenezlori@gmail.com,26-35,1,Single-course
U01169,monicasantos,31,Female,gonzalesashlee@yahoo.com,26-35,1,Single-course
U01170,dwashington,27,Female,ycoffey@yahoo.com,26-35,14,Highly Active
U01171,smayo,19,Male,fkemp@outlook.com,18-25,1,Single-course
U01172,todd75,30,Male,jerryhall@hotmail.com,26-35,3,Moderate
U01173,cwheeler,26,Female,oward@yahoo.com,26-35,3,Moderate
U01174,denise08,15,Female,karen98@outlook.com,<18,1,Single-course
U01175,melissa04,20,Female,april94@yahoo.com,18-25,1,Single-course
U01176,hooverrobert,20,Male,johngross@yahoo.com,18-25,3,Moderate
U01177,keith32,16,Male,katienelson@outlook.com,<18,13,Highly Active
U01178,michaelholden,21,Female,patriciaallen@yahoo.com,18-25,2,Moderate
U01179,alan43,31,Female,qprice@gmail.com,26-35,2,Moderate
U01180,crawfordcarol,18,Male,brandon16@yahoo.com,18-25,13,Highly Active
U01181,zgonzalez,27,Female,dawn03@gmail.com,26-35,1,Single-course
U01182,masoncynthia,25,Female,charlesmurray@outlook.com,18-25,3,Moderate
U01183,rogeradams,21,Female,iking@outlook.com,18-25,2,Moderate
U01184,lopezmackenzie,31,Male,mcculloughtaylor@gmail.com,26-35,1,Single-course
U01185,kdavis,28,Male,cherrykristen@gmail.com,26-35,2,Moderate
U01186,ronaldjohnson,34,Male,amandaerickson@hotmail.com,26-35,1,Single-course
U01187,zvasquez,35,Female,timothy34@gmail.com,26-35,1,Single-course
U01188,hudsonmelinda,24,Male,schmittleslie@hotmail.com,18-25,1,Single-course
U01189,keaton,28,Male,donna01@gmail.com,26-35,1,Single-course
U01190,paulperez,31,Male,williamscrystal@gmail.com,26-35,1,Single-course
U01191,ygray,28,Female,sandersdavid@hotmail.com,26-35,1,Single-course
U01192,sarahhampton,20,Female,rburke@gmail.com,18-25,1,Single-course
U01193,tanya85,20,Female,kristinegreen@yahoo.com,18-25,2,Moderate
U01194,timothy82,32,Female,carriedawson@hotmail.com,26-35,1,Single-course
U01195,cmurray,23,Male,ehayes@outlook.com,18-25,1,Single-course
U01196,mosleychelsea,21,Female,bradleyholland@hotmail.com,18-25,2,Moderate
U01197,sharon57,28,Male,ronaldbell@hotmail.com,26-35,14,Highly Active
U01198,jeffrey72,33,Female,nbaker@hotmail.com,26-35,1,Single-course
U01199,theresa94,17,Female,chelseasmith@outlook.com,<18,1,Single-course
U01200,phamilton,15,Female,jpaul@yahoo.com,<18,1,Single-course
U01201,burtonbryan,28,Male,martinjames@gmail.com,26-35,1,Single-course
U01202,heidicampos,29,Female,julie05@outlook.com,26-35,1,Single-course
U01203,jared15,15,Male,meyerdavid@hotmail.com,<18,16,Highly Active
U01204,johnny06,17,Female,whiteautumn@gmail.com,<18,3,Moderate
U01205,vanessagray,27,Male,erica64@hotmail.com,26-35,2,Moderate
U01206,seancastaneda,15,Female,andrewtaylor@outlook.com,<18,1,Single-course
U01207,rachel72,30,Female,qsmith@hotmail.com,26-35,1,Single-course
U01208,kimwilliam,27,Female,nielsenbrianna@outlook.com,26-35,1,Single-course
U01209,maria58,20,Male,anthonymcmillan@outlook.com,18-25,2,Moderate
U01210,lwheeler,22,Female,fsanchez@hotmail.com,18-25,1,Single-course
U01211,xsaunders,32,Female,danielthomas@hotmail.com,26-35,1,Single-course
U01212,choimichelle,18,Female,brenda71@outlook.com,18-25,1,Single-course
U01213,vmathews,20,Female,rcross@outlook.com,18-25,1,Single-course
U01214,twilliams,31,Female,qjackson@hotmail.com,26-35,1,Single-course
U01215,jessicaboyer,15,Female,wpatel@outlook.com,<18,1,Single-course
U01216,robertserin,15,Male,gsimmons@yahoo.com,<18,1,Single-course
U01217,lowerysuzanne,25,Female,bowmanerika@outlook.com,18-25,1,Single-course
U01218,wagnerhenry,34,Male,megan61@outlook.com,26-35,1,Single-course
U01219,christina30,16,Male,glassmegan@yahoo.com,<18,1,Single-course
U01220,jessicamiranda,29,Female,prodriguez@gmail.com,26-35,1,Single-course
U01221,leonardholmes,32,Male,glendalee@hotmail.com,26-35,13,Highly Active
U01222,banksdebra,19,Female,brownchristina@hotmail.com,18-25,3,Moderate
U01223,teresa46,23,Female,brianna85@yahoo.com,18-25,1,Single-course
U01224,villanuevagregory,23,Female,stewartmichael@hotmail.com,18-25,11,Highly Active
U01225,michele28,30,Female,jameswilliams@hotmail.com,26-35,2,Moderate
U01226,megan63,31,Female,holdenjamie@gmail.com,26-35,2,Moderate
U01227,geraldspears,15,Male,melissa02@yahoo.com,<18,1,Single-course
U01228,andrew58,28,Male,dsheppard@gmail.com,26-35,4,Moderate
U01229,georgereyes,27,Female,brian00@yahoo.com,26-35,2,Moderate
U01230,dmanning,23,Female,billyhughes@gmail.com,18-25,3,Moderate
U01231,kpetersen,21,Female,walkerjohn@yahoo.com,18-25,14,Highly Active
U01232,elaine98,27,Female,hwhite@hotmail.com,26-35,1,Single-course
U01233,ztran,28,Male,ryan69@outlook.com,26-35,11,Highly Active
U01234,johnsingh,27,Male,leewilliams@gmail.com,26-35,1,Single-course
U01235,zacharybell,27,Female,natalieyates@gmail.com,26-35,14,Highly Active
U01236,brettarroyo,20,Female,hbrowning@hotmail.com,18-25,1,Single-course
U01237,savannah66,24,Male,amandacontreras@outlook.com,18-25,13,Highly Active
U01238,stephengarza,35,Male,wgardner@gmail.com,26-35,1,Single-course
U01239,steve19,20,Male,robinmarshall@gmail.com,18-25,12,Highly Active
U01240,kellywiley,16,Male,aaron37@gmail.com,<18,1,Single-course
U01241,leebailey,25,Male,markgibson@outlook.com,18-25,2,Moderate
U01242,stoutjennifer,22,Male,haleandres@hotmail.com,18-25,2,Moderate
U01243,brooksjessica,31,Female,jesus73@gmail.com,26-35,2,Moderate
U01244,sanderscindy,30,Female,qpaul@yahoo.com,26-35,14,Highly Active
U01245,fowlerdavid,35,Male,shawn59@yahoo.com,26-35,1,Single-course
U01246,ujackson,27,Male,candicebartlett@hotmail.com,26-35,2,Moderate
U01247,arandall,19,Male,kholt@yahoo.com,18-25,1,Single-course
U01248,pleon,16,Male,andrebenson@hotmail.com,<18,2,Moderate
U01249,ahenderson,25,Male,williamssandra@yahoo.com,18-25,14,Highly Active
U01250,robert97,27,Female,fskinner@gmail.com,26-35,15,Highly Active
U01251,ricardobender,29,Male,charleshawkins@yahoo.com,26-35,2,Moderate
U01252,natalie03,19,Female,pallen@yahoo.com,18-25,1,Single-course
U01253,juliejackson,17,Male,aortega@hotmail.com,<18,1,Single-course
U01254,tsmith,23,Male,selena67@hotmail.com,18-25,1,Single-course
U01255,belljennifer,29,Female,figueroajames@yahoo.com,26-35,4,Moderate
U01256,steelevincent,32,Male,dukematthew@hotmail.com,26-35,1,Single-course
U01257,kconley,29,Female,nicholasrhodes@hotmail.com,26-35,2,Moderate
U01258,riggsmichael,25,Male,turnerjeanette@yahoo.com,18-25,4,Moderate
U01259,ericksonpamela,18,Female,jamesbenton@yahoo.com,18-25,1,Single-course
U01260,hughesshannon,31,Female,hstevens@yahoo.com,26-35,1,Single-course
U01261,maxwelljones,25,Male,zpeck@hotmail.com,18-25,13,Highly Active
U01262,crawfordsherri,29,Female,marycurtis@outlook.com,26-35,4,Moderate
U01263,ymartinez,17,Female,oconnelljennifer@hotmail.com,<18,1,Single-course
U01264,jdavis,15,Male,estesjuan@yahoo.com,<18,1,Single-course
U01265,durhammichelle,23,Male,kennedynicole@hotmail.com,18-25,2,Moderate
U01266,paulcampos,18,Female,davidcollins@gmail.com,18-25,14,Highly Active
U01267,markcarpenter,30,Female,kristine41@hotmail.com,26-35,14,Highly Active
U01268,jennifer28,33,Male,katrina74@gmail.com,26-35,13,Highly Active
U01269,dawnthompson,25,Female,ericbeard@outlook.com,18-25,1,Single-course
U01270,elizabethbates,19,Male,bjones@gmail.com,18-25,2,Moderate
U01271,michaelhurst,23,Female,donald27@yahoo.com,18-25,1,Single-course
U01272,qhernandez,16,Female,laura14@outlook.com,<18,1,Single-course
U01273,johnsonalexander,31,Female,amber26@yahoo.com,26-35,1,Single-course
U01274,stevengonzalez,32,Female,eward@yahoo.com,26-35,1,Single-course
U01275,ellismichael,35,Male,shawn31@hotmail.com,26-35,1,Single-course
U01276,fmiller,27,Female,iharris@gmail.com,26-35,2,Moderate
U01277,antoniotravis,26,Female,matthewgraham@yahoo.com,26-35,12,Highly Active
U01278,frenchcharles,16,Female,michelemartinez@yahoo.com,<18,2,Moderate
U01279,ksalinas,29,Female,chanwilliam@outlook.com,26-35,3,Moderate
U01280,geoffreylong,26,Female,maria44@outlook.com,26-35,12,Highly Active
U01281,gibsonkevin,23,Female,fullerjennifer@outlook.com,18-25,13,Highly Active
U01282,smithpaul,26,Male,howelldavid@gmail.com,26-35,3,Moderate
U01283,josephrodriguez,15,Male,crosbydesiree@yahoo.com,<18,1,Single-course
U01284,ashepherd,34,Female,susanmartin@gmail.com,26-35,15,Highly Active
U01285,cunninghampamela,35,Female,williamevans@gmail.com,26-35,4,Moderate
U01286,fjohnson,27,Male,henrynathaniel@hotmail.com,26-35,13,Highly Active
U01287,emily69,33,Female,hvaughn@yahoo.com,26-35,12,Highly Active
U01288,danieljohnson,18,Male,trodriguez@yahoo.com,18-25,2,Moderate
U01289,vwalker,35,Female,lori86@yahoo.com,26-35,1,Single-course
U01290,mario14,16,Male,karen05@outlook.com,<18,14,Highly Active
U01291,jtanner,34,Female,swright@yahoo.com,26-35,1,Single-course
U01292,levans,29,Male,andrea96@outlook.com,26-35,1,Single-course
U01293,diazraymond,33,Male,tammy31@hotmail.com,26-35,1,Single-course
U01294,nancyfernandez,30,Male,ritaunderwood@outlook.com,26-35,1,Single-course
U01295,scott12,34,Female,moorecarlos@hotmail.com,26-35,4,Moderate
U01296,glennrebecca,21,Female,raymond92@hotmail.com,18-25,1,Single-course
U01297,smallchristian,27,Male,melissa79@yahoo.com,26-35,1,Single-course
U01298,nancy57,22,Female,randy42@gmail.com,18-25,1,Single-course
U01299,amber65,28,Female,lisalee@gmail.com,26-35,1,Single-course
U01300,joseph98,19,Male,ericjohnson@outlook.com,18-25,1,Single-course
U01301,hhernandez,27,Male,andrea14@hotmail.com,26-35,1,Single-course
U01302,jonathanhawkins,19,Female,matthewgutierrez@outlook.com,18-25,2,Moderate
U01303,jenniferlawson,23,Female,brent72@outlook.com,18-25,2,Moderate
U01304,pearsonrobert,33,Female,mercerlaura@outlook.com,26-35,2,Moderate
U01305,christinacastaneda,22,Female,williamphelps@yahoo.com,18-25,3,Moderate
U01306,oscott,22,Male,ekennedy@outlook.com,18-25,1,Single-course
U01307,justinroberts,16,Female,theresawatson@hotmail.com,<18,1,Single-course
U01308,romerochristina,23,Male,jonathanturner@outlook.com,18-25,1,Single-course
U01309,tpowell,35,Male,rolson@outlook.com,26-35,2,Moderate
U01310,hallaaron,21,Female,christian27@outlook.com,18-25,3,Moderate
U01311,mark71,27,Male,amy78@gmail.com,26-35,1,Single-course
U01312,churchpatrick,16,Male,valerieortiz@gmail.com,<18,1,Single-course
U01313,nicholas58,31,Male,jasonphillips@hotmail.com,26-35,3,Moderate
U01314,stevenmurphy,26,Female,connie81@hotmail.com,26-35,2,Moderate
U01315,bryantjacob,33,Male,dpeterson@gmail.com,26-35,13,Highly Active
U01316,brownjonathan,31,Female,vcastro@gmail.com,26-35,1,Single-course
U01317,thompsonkathleen,32,Female,markbell@hotmail.com,26-35,1,Single-course
U01318,angelaward,18,Female,jacqueline76@hotmail.com,18-25,14,Highly Active
U01319,whitejeffrey,25,Male,bullockcarlos@hotmail.com,18-25,1,Single-course
U01320,wfrancis,20,Male,vaughnelizabeth@hotmail.com,18-25,4,Moderate
U01321,vdunn,35,Male,mary33@gmail.com,26-35,14,Highly Active
U01322,julieblair,26,Female,arthurhernandez@gmail.com,26-35,12,Highly Active
U01323,lhood,15,Male,raymaddox@gmail.com,<18,2,Moderate
U01324,contrerasderek,24,Male,kristin78@gmail.com,18-25,1,Single-course
U01325,ugraves,18,Female,thomasprice@hotmail.com,18-25,2,Moderate
U01326,zmoore,15,Female,pricericky@yahoo.com,<18,2,Moderate
U01327,yrangel,23,Male,laurahorn@hotmail.com,18-25,1,Single-course
U01328,amybush,27,Male,ianschmidt@yahoo.com,26-35,1,Single-course
U01329,bettyunderwood,15,Female,richardgrimes@outlook.com,<18,1,Single-course
U01330,phillipspatrick,20,Female,ravenanderson@outlook.com,18-25,2,Moderate
U01331,qmartin,16,Male,shelley53@hotmail.com,<18,13,Highly Active
U01332,kiara65,20,Male,amy17@outlook.com,18-25,12,Highly Active
U01333,amiller,15,Male,stephanie50@gmail.com,<18,1,Single-course
U01334,stricklandrachel,35,Female,lindsey34@outlook.com,26-35,13,Highly Active
U01335,markpotter,16,Female,tortiz@yahoo.com,<18,1,Single-course
U01336,isabella45,33,Male,johnsonjasmine@outlook.com,26-35,14,Highly Active
U01337,williamsrobert,32,Female,rachel05@hotmail.com,26-35,16,Highly Active
U01338,tina99,15,Male,martinleonard@gmail.com,<18,3,Moderate
U01339,ryan92,35,Male,yberry@gmail.com,26-35,2,Moderate
U01340,kristinpatton,32,Female,ryangarrett@outlook.com,26-35,2,Moderate
U01341,tellison,29,Male,edward48@gmail.com,26-35,3,Moderate
U01342,amorgan,25,Male,ambercraig@yahoo.com,18-25,2,Moderate
U01343,sweeneymelinda,32,Male,blong@outlook.com,26-35,14,Highly Active
U01344,ipeters,25,Female,jennifer42@outlook.com,18-25,14,Highly Active
U01345,hamiltondavid,19,Male,dwaynekim@gmail.com,18-25,1,Single-course
U01346,erinjohnston,16,Male,brownjuan@gmail.com,<18,15,Highly Active
U01347,brandonjones,20,Male,jameszamora@yahoo.com,18-25,13,Highly Active
U01348,livingstonrachel,29,Female,jordan90@hotmail.com,26-35,2,Moderate
U01349,kristin57,26,Male,matthewfry@outlook.com,26-35,1,Single-course
U01350,jay37,16,Female,rachel52@gmail.com,<18,13,Highly Active
U01351,luisortiz,16,Male,tmiller@hotmail.com,<18,2,Moderate
U01352,emilyberg,25,Male,williamromero@yahoo.com,18-25,13,Highly Active
U01353,victoriawatkins,20,Female,davidwalton@gmail.com,18-25,1,Single-course
U01354,usalazar,15,Male,parker94@hotmail.com,<18,2,Moderate
U01355,parrishkevin,28,Female,johnsonandrea@gmail.com,26-35,13,Highly Active
U01356,johnsonrenee,26,Female,rachel58@hotmail.com,26-35,3,Moderate
U01357,jeffreyhall,28,Female,weavermatthew@gmail.com,26-35,1,Single-course
U01358,annalester,31,Male,vcherry@gmail.com,26-35,1,Single-course
U01359,mwarner,18,Female,briananewton@yahoo.com,18-25,2,Moderate
U01360,kingdarren,22,Female,wlee@gmail.com,18-25,1,Single-course
U01361,kelli73,31,Male,lisa54@outlook.com,26-35,1,Single-course
U01362,zwalsh,26,Male,vjacobs@yahoo.com,26-35,3,Moderate
U01363,perezsarah,25,Male,raypeterson@outlook.com,18-25,2,Moderate
U01364,pkoch,16,Female,john98@gmail.com,<18,13,Highly Active
U01365,thull,25,Male,meganwalters@yahoo.com,18-25,14,Highly Active
U01366,ltaylor,29,Female,iscott@outlook.com,26-35,1,Single-course
U01367,baxtersamantha,22,Male,darlene18@hotmail.com,18-25,1,Single-course
U01368,patrickkari,24,Female,tmckenzie@hotmail.com,18-25,1,Single-course
U01369,alexandra74,21,Male,gilbert75@outlook.com,18-25,1,Single-course
U01370,joseph11,21,Female,rhanson@gmail.com,18-25,3,Moderate
U01371,lynn61,22,Male,millermary@yahoo.com,18-25,1,Single-course
U01372,maryrogers,19,Female,craigdowns@outlook.com,18-25,1,Single-course
U01373,wongmichelle,24,Male,lopezrachel@hotmail.com,18-25,1,Single-course
U01374,derrick45,32,Female,torresmartha@yahoo.com,26-35,1,Single-course
U01375,fwalker,22,Male,donald46@gmail.com,18-25,13,Highly Active
U01376,gregory21,28,Male,cody90@hotmail.com,26-35,1,Single-course
U01377,silvaamy,16,Male,amanda48@hotmail.com,<18,4,Moderate
U01378,turnerkelly,35,Male,tgarcia@yahoo.com,26-35,2,Moderate
U01379,carloliver,22,Male,brandonryan@yahoo.com,18-25,2,Moderate
U01380,susan26,26,Male,eberry@gmail.com,26-35,1,Single-course
U01381,danielle11,15,Male,ralphnguyen@outlook.com,<18,1,Single-course
U01382,iansloan,22,Female,pamelaking@gmail.com,18-25,1,Single-course
U01383,gallagherandrea,32,Male,hopkinsjustin@hotmail.com,26-35,1,Single-course
U01384,tfrederick,23,Female,lauren87@gmail.com,18-25,3,Moderate
U01385,tbryant,33,Female,snowamber@hotmail.com,26-35,1,Single-course
U01386,tomibarra,16,Male,ygreen@yahoo.com,<18,1,Single-course
U01387,ronaldberg,21,Female,susan78@outlook.com,18-25,1,Single-course
U01388,mnelson,27,Male,jeffreychandler@yahoo.com,26-35,1,Single-course
U01389,pattersoncharles,30,Male,vlowery@outlook.com,26-35,1,Single-course
U01390,eriley,33,Female,srogers@hotmail.com,26-35,2,Moderate
U01391,moranthomas,30,Male,christy49@outlook.com,26-35,1,Single-course
U01392,donaldjohnson,29,Female,qjuarez@gmail.com,26-35,3,Moderate
U01393,eric14,30,Male,donna02@hotmail.com,26-35,1,Single-course
U01394,mannchristopher,26,Female,benjaminmoore@gmail.com,26-35,14,Highly Active
U01395,marshallsherry,31,Male,samanthajohnson@outlook.com,26-35,14,Highly Active
U01396,ogreene,17,Female,avilabrian@gmail.com,<18,3,Moderate
U01397,victoria70,28,Male,alexanderroberts@gmail.com,26-35,13,Highly Active
U01398,craigsosa,23,Female,brianna09@outlook.com,18-25,1,Single-course
U01399,mitchellcarlos,20,Male,owenkelsey@gmail.com,18-25,16,Highly Active
U01400,heather82,21,Female,jamesshane@outlook.com,18-25,1,Single-course
U01401,jeffdavis,19,Female,norrisvalerie@gmail.com,18-25,1,Single-course
U01402,guerrerojason,19,Female,ebony07@hotmail.com,18-25,4,Moderate
U01403,cindy97,27,Male,hollowayheather@outlook.com,26-35,1,Single-course
U01404,hoffmanjennifer,18,Female,browndavid@yahoo.com,18-25,1,Single-course
U01405,amandamoore,35,Male,vbrown@outlook.com,26-35,12,Highly Active
U01406,yjimenez,21,Female,mitchellday@hotmail.com,18-25,1,Single-course
U01407,lisaperez,34,Female,dwolf@yahoo.com,26-35,1,Single-course
U01408,lortiz,18,Male,danielbaker@yahoo.com,18-25,2,Moderate
U01409,jason20,31,Male,ericksondavid@gmail.com,26-35,4,Moderate
U01410,bradley01,17,Male,tylercoleman@outlook.com,<18,1,Single-course
U01411,davidsonrandy,21,Male,lmurillo@gmail.com,18-25,15,Highly Active
U01412,mitchelldavid,16,Male,robertsantos@outlook.com,<18,3,Moderate
U01413,driley,24,Male,rose19@hotmail.com,18-25,1,Single-course
U01414,david25,35,Female,johnsonbrett@outlook.com,26-35,16,Highly Active
U01415,uhudson,18,Male,austingraham@gmail.com,18-25,3,Moderate
U01416,walkerbrandon,22,Female,phillipsaaron@hotmail.com,18-25,2,Moderate
U01417,katherinehaynes,26,Female,stephaniemartin@hotmail.com,26-35,2,Moderate
U01418,kcastaneda,20,Female,bmeyer@hotmail.com,18-25,1,Single-course
U01419,qwright,34,Female,justin88@hotmail.com,26-35,2,Moderate
U01420,eric82,34,Female,calvin46@hotmail.com,26-35,3,Moderate
U01421,katelyncastro,22,Male,usmith@hotmail.com,18-25,1,Single-course
U01422,ashleynorton,16,Male,jessica60@yahoo.com,<18,2,Moderate
U01423,elizabethpatrick,25,Male,josephmyers@gmail.com,18-25,1,Single-course
U01424,edgar29,28,Female,robin66@outlook.com,26-35,1,Single-course
U01425,usanchez,25,Female,milleramanda@yahoo.com,18-25,1,Single-course
U01426,mramirez,24,Male,jimenezamy@yahoo.com,18-25,1,Single-course
U01427,harrisalec,25,Male,cruzsonia@outlook.com,18-25,1,Single-course
U01428,robertsonjennifer,35,Female,bryantrachel@hotmail.com,26-35,1,Single-course
U01429,bonniegreen,31,Female,ijones@hotmail.com,26-35,15,Highly Active
U01430,travislaura,19,Female,miguel78@yahoo.com,18-25,13,Highly Active
U01431,amanda65,34,Female,christine75@yahoo.com,26-35,2,Moderate
U01432,josephanderson,17,Female,kingjason@yahoo.com,<18,12,Highly Active
U01433,kgibson,16,Female,wilsonjimmy@yahoo.com,<18,2,Moderate
U01434,villanuevatammy,24,Male,scott10@yahoo.com,18-25,2,Moderate
U01435,kaylaruiz,16,Male,ihuff@gmail.com,<18,13,Highly Active
U01436,allison21,34,Female,ncarroll@gmail.com,26-35,2,Moderate
U01437,gabrielle52,33,Female,gregoryalvarado@hotmail.com,26-35,1,Single-course
U01438,randymorrison,30,Female,danabishop@hotmail.com,26-35,4,Moderate
U01439,mcarter,22,Male,lhenderson@yahoo.com,18-25,1,Single-course
U01440,garzakatherine,20,Female,garciarebecca@gmail.com,18-25,2,Moderate
U01441,rogerschristine,24,Female,fgrant@yahoo.com,18-25,1,Single-course
U01442,pcurry,34,Female,maldonadojonathan@gmail.com,26-35,3,Moderate
U01443,traceyandrews,17,Female,jacksonlisa@outlook.com,<18,2,Moderate
U01444,matthew02,29,Male,wilsonmary@yahoo.com,26-35,2,Moderate
U01445,vtran,29,Male,alexander51@gmail.com,26-35,12,Highly Active
U01446,samuelbenton,32,Female,veronica77@gmail.com,26-35,1,Single-course
U01447,fpark,17,Female,edwardvasquez@outlook.com,<18,1,Single-course
U01448,lori27,25,Female,brandy06@yahoo.com,18-25,1,Single-course
U01449,xwalker,34,Male,christopheryoung@yahoo.com,26-35,2,Moderate
U01450,crystal02,16,Female,wesleyjohnson@gmail.com,<18,11,Highly Active
U01451,jessicaturner,17,Male,kristenanderson@yahoo.com,<18,11,Highly Active
U01452,donaldmendoza,23,Male,holderkara@gmail.com,18-25,2,Moderate
U01453,sandra01,17,Male,rhondadavis@outlook.com,<18,2,Moderate
U01454,terrybryce,18,Female,nlamb@hotmail.com,18-25,2,Moderate
U01455,arielwilliams,22,Female,burnettjennifer@gmail.com,18-25,14,Highly Active
U01456,gentrybethany,30,Male,sanchezmary@outlook.com,26-35,1,Single-course
U01457,huntertamara,27,Male,barbaramarsh@outlook.com,26-35,1,Single-course
U01458,nmoore,24,Male,qrussell@yahoo.com,18-25,1,Single-course
U01459,elizabethwatkins,17,Female,fkelly@yahoo.com,<18,1,Single-course
U01460,pvazquez,32,Female,zblack@yahoo.com,26-35,13,Highly Active
U01461,landerson,16,Male,bstrickland@outlook.com,<18,1,Single-course
U01462,vbuchanan,27,Male,williameaton@hotmail.com,26-35,1,Single-course
U01463,jerome86,30,Female,williamsbeverly@yahoo.com,26-35,13,Highly Active
U01464,iyoung,33,Male,tina46@yahoo.com,26-35,1,Single-course
U01465,kgonzalez,33,Male,shannon44@hotmail.com,26-35,2,Moderate
U01466,williamluna,22,Male,mcmahonphillip@outlook.com,18-25,2,Moderate
U01467,reynoldsdennis,19,Female,alisoncampbell@yahoo.com,18-25,1,Single-course
U01468,tvillanueva,28,Female,jhawkins@gmail.com,26-35,2,Moderate
U01469,andersonbrandi,29,Female,rstewart@yahoo.com,26-35,2,Moderate
U01470,jyoung,28,Male,hinesamanda@hotmail.com,26-35,2,Moderate
U01471,garciachristine,19,Female,robinsonjessica@outlook.com,18-25,1,Single-course
U01472,william95,27,Female,michael27@yahoo.com,26-35,12,Highly Active
U01473,nicolewalter,17,Female,jeremysingh@gmail.com,<18,15,Highly Active
U01474,sherryfowler,20,Male,hansenrobert@gmail.com,18-25,2,Moderate
U01475,richardrocha,20,Male,erin18@yahoo.com,18-25,15,Highly Active
U01476,kenneth36,35,Female,williamssteven@outlook.com,26-35,1,Single-course
U01477,phamtiffany,17,Female,michael59@hotmail.com,<18,1,Single-course
U01478,lindaparrish,35,Female,allendavid@hotmail.com,26-35,1,Single-course
U01479,kathleenlewis,25,Female,wheelerjames@yahoo.com,18-25,1,Single-course
U01480,zsmith,20,Female,cynthia24@yahoo.com,18-25,1,Single-course
U01481,david54,20,Male,catherineriddle@outlook.com,18-25,1,Single-course
U01482,amanda99,17,Male,ucarney@gmail.com,<18,2,Moderate
U01483,morrisonrebecca,18,Male,catherine26@outlook.com,18-25,1,Single-course
U01484,travisroman,17,Male,ruizchristopher@hotmail.com,<18,1,Single-course
U01485,holtjohn,16,Male,castanedajessica@hotmail.com,<18,1,Single-course
U01486,dwilliams,17,Male,edwardatkins@yahoo.com,<18,1,Single-course
U01487,david91,17,Female,nicholasscott@hotmail.com,<18,2,Moderate
U01488,lawsonbeth,27,Male,thomasprice@gmail.com,26-35,12,Highly Active
U01489,mmacdonald,27,Male,fharris@outlook.com,26-35,1,Single-course
U01490,whenry,19,Female,nicholas42@outlook.com,18-25,1,Single-course
U01491,zfinley,17,Female,wujames@hotmail.com,<18,3,Moderate
U01492,bettywillis,23,Female,amy04@outlook.com,18-25,4,Moderate
U01493,lmatthews,18,Female,zoconnor@hotmail.com,18-25,1,Single-course
U01494,twalker,32,Male,hwolfe@outlook.com,26-35,1,Single-course
U01495,xsanchez,31,Female,parkermark@hotmail.com,26-35,1,Single-course
U01496,katelynanderson,22,Female,erussell@gmail.com,18-25,13,Highly Active
U01497,ccrawford,35,Female,perryashley@gmail.com,26-35,13,Highly Active
U01498,joshuacastillo,15,Male,christopherperez@yahoo.com,<18,1,Single-course
U01499,morrisdaniel,30,Female,bobby50@yahoo.com,26-35,1,Single-course
U01500,lindsey29,15,Male,michellemejia@outlook.com,<18,13,Highly Active
U01501,dawnmccarty,23,Male,arianarobinson@hotmail.com,18-25,1,Single-course
U01502,stephen90,28,Female,mwilson@outlook.com,26-35,1,Single-course
U01503,julie92,30,Female,christopher75@yahoo.com,26-35,1,Single-course
U01504,qblack,31,Male,christophermartin@outlook.com,26-35,1,Single-course
U01505,haley15,35,Male,sandra88@hotmail.com,26-35,3,Moderate
U01506,nancy99,34,Male,wnelson@hotmail.com,26-35,15,Highly Active
U01507,aboyd,18,Female,dramos@yahoo.com,18-25,3,Moderate
U01508,ljohnson,34,Male,hannahcombs@yahoo.com,26-35,1,Single-course
U01509,benjamin24,15,Female,shannonross@outlook.com,<18,1,Single-course
U01510,reginald30,16,Female,masonamber@hotmail.com,<18,2,Moderate
U01511,garycarr,15,Male,victoria98@yahoo.com,<18,13,Highly Active
U01512,stevensexton,19,Male,stephen15@hotmail.com,18-25,12,Highly Active
U01513,valerieharmon,23,Male,hamiltonmaria@hotmail.com,18-25,1,Single-course
U01514,craig92,25,Male,daniel50@hotmail.com,18-25,1,Single-course
U01515,rossanthony,35,Female,coreyfowler@gmail.com,26-35,1,Single-course
U01516,daviddavis,19,Male,wchapman@gmail.com,18-25,1,Single-course
U01517,lindsaykelly,26,Male,kellymorgan@outlook.com,26-35,14,Highly Active
U01518,carolgamble,21,Male,gregg70@gmail.com,18-25,1,Single-course
U01519,christopher18,16,Male,holmesnatalie@hotmail.com,<18,2,Moderate
U01520,mhayes,26,Female,gilbert23@yahoo.com,26-35,1,Single-course
U01521,georgeerin,34,Female,owensara@hotmail.com,26-35,1,Single-course
U01522,vnelson,31,Female,robin05@gmail.com,26-35,14,Highly Active
U01523,egutierrez,16,Male,kimcolleen@yahoo.com,<18,1,Single-course
U01524,adam56,30,Female,othompson@outlook.com,26-35,1,Single-course
U01525,lisa07,32,Female,gstrickland@gmail.com,26-35,2,Moderate
U01526,jeremyarnold,20,Male,robert14@yahoo.com,18-25,12,Highly Active
U01527,lucas92,29,Female,gutierrezerin@hotmail.com,26-35,1,Single-course
U01528,thompsontammy,16,Male,tracy13@gmail.com,<18,14,Highly Active
U01529,wgraves,19,Female,barbara11@gmail.com,18-25,3,Moderate
U01530,qhorton,16,Male,diazbreanna@hotmail.com,<18,15,Highly Active
U01531,brianberry,30,Female,diazjessica@gmail.com,26-35,14,Highly Active
U01532,alexanderjacob,28,Female,brittanycampbell@gmail.com,26-35,1,Single-course
U01533,rebecca74,16,Female,christopher19@gmail.com,<18,3,Moderate
U01534,robertpeters,28,Male,annette96@hotmail.com,26-35,1,Single-course
U01535,khernandez,20,Male,simpsonmandy@yahoo.com,18-25,4,Moderate
U01536,guerrerotonya,33,Female,rachelvalencia@hotmail.com,26-35,12,Highly Active
U01537,qroberts,27,Female,vasquezkayla@hotmail.com,26-35,3,Moderate
U01538,thompsonjack,27,Female,schaeferkara@hotmail.com,26-35,1,Single-course
U01539,hmcdaniel,24,Female,murphyrebecca@outlook.com,18-25,1,Single-course
U01540,arroyojohn,30,Female,lopezaaron@hotmail.com,26-35,1,Single-course
U01541,barrerajohn,29,Female,erika24@gmail.com,26-35,4,Moderate
U01542,jsmith,18,Female,patriciasmith@hotmail.com,18-25,1,Single-course
U01543,smithjames,25,Female,teresa86@yahoo.com,18-25,16,Highly Active
U01544,cphillips,31,Female,debbieharris@yahoo.com,26-35,1,Single-course
U01545,ganderson,15,Female,vgreen@gmail.com,<18,1,Single-course
U01546,stefanie21,34,Male,dawnnunez@hotmail.com,26-35,1,Single-course
U01547,cookdesiree,17,Male,ofuentes@hotmail.com,<18,2,Moderate
U01548,travis26,35,Female,danielslisa@yahoo.com,26-35,1,Single-course
U01549,katherinerobertson,34,Female,zjohnson@outlook.com,26-35,1,Single-course
U01550,raymond40,16,Male,fwalker@yahoo.com,<18,1,Single-course
U01551,julian48,16,Male,bryanmorris@hotmail.com,<18,1,Single-course
U01552,krussell,32,Male,todd69@outlook.com,26-35,1,Single-course
U01553,melinda52,27,Male,dflynn@hotmail.com,26-35,15,Highly Active
U01554,smithcarl,20,Male,hernandezlisa@yahoo.com,18-25,4,Moderate
U01555,parkerrobert,23,Female,zachary80@yahoo.com,18-25,1,Single-course
U01556,benjamin25,23,Female,linda46@outlook.com,18-25,2,Moderate
U01557,rossdiane,17,Male,omacdonald@yahoo.com,<18,1,Single-course
U01558,deborah16,32,Male,sheila12@outlook.com,26-35,1,Single-course
U01559,brownthomas,19,Male,patrickgomez@hotmail.com,18-25,1,Single-course
U01560,vickibrown,24,Male,ghawkins@hotmail.com,18-25,1,Single-course
U01561,miranda44,32,Male,philipjohnson@yahoo.com,26-35,1,Single-course
U01562,crawfordmark,18,Female,lreese@yahoo.com,18-25,1,Single-course
U01563,tiffanylopez,35,Female,williamsrobert@yahoo.com,26-35,1,Single-course
U01564,vpena,28,Female,susan39@outlook.com,26-35,1,Single-course
U01565,daniellyons,32,Male,louisday@hotmail.com,26-35,1,Single-course
U01566,buckdenise,29,Male,chrisphelps@gmail.com,26-35,1,Single-course
U01567,olivia94,22,Male,odonnellcraig@yahoo.com,18-25,1,Single-course
U01568,maldonadoandrew,26,Female,tmorales@gmail.com,26-35,3,Moderate
U01569,laurasmith,35,Male,wfranco@yahoo.com,26-35,1,Single-course
U01570,smithmark,31,Male,robinirwin@hotmail.com,26-35,2,Moderate
U01571,nicolerobinson,19,Male,mary04@outlook.com,18-25,2,Moderate
U01572,harrisonstephen,29,Female,adam98@yahoo.com,26-35,1,Single-course
U01573,jenniferscott,18,Female,grayanne@gmail.com,18-25,2,Moderate
U01574,whitemercedes,17,Male,lamamber@gmail.com,<18,1,Single-course
U01575,richardsontammy,15,Female,millerrandy@hotmail.com,<18,13,Highly Active
U01576,charlessmith,35,Male,aaguilar@hotmail.com,26-35,2,Moderate
U01577,parkerkatelyn,30,Male,andersonlisa@yahoo.com,26-35,1,Single-course
U01578,talvarado,26,Male,valdezshannon@hotmail.com,26-35,15,Highly Active
U01579,clewis,31,Male,ashleyparker@gmail.com,26-35,1,Single-course
U01580,ryanmoreno,15,Female,bakeranne@hotmail.com,<18,2,Moderate
U01581,lori53,30,Male,kruiz@yahoo.com,26-35,2,Moderate
U01582,kingkristen,16,Male,morrisjennifer@hotmail.com,<18,1,Single-course
U01583,daniel76,30,Female,zcross@outlook.com,26-35,1,Single-course
U01584,steven45,32,Male,bradley75@outlook.com,26-35,1,Single-course
U01585,vclark,27,Male,brentbrooks@gmail.com,26-35,11,Highly Active
U01586,bobby05,27,Male,garrett72@hotmail.com,26-35,14,Highly Active
U01587,greg26,27,Male,evazquez@yahoo.com,26-35,2,Moderate
U01588,williamwalker,32,Male,nicolejohnson@outlook.com,26-35,1,Single-course
U01589,harristravis,16,Female,knightjanet@hotmail.com,<18,1,Single-course
U01590,erinjohnson,33,Male,cynthiaholland@hotmail.com,26-35,1,Single-course
U01591,robert84,32,Female,davisconnie@gmail.com,26-35,2,Moderate
U01592,travisweber,33,Male,raymond75@yahoo.com,26-35,4,Moderate
U01593,susan32,34,Male,derekmiller@gmail.com,26-35,1,Single-course
U01594,rking,35,Male,xbrown@hotmail.com,26-35,1,Single-course
U01595,ronaldperry,15,Male,wjackson@hotmail.com,<18,2,Moderate
U01596,yorkerica,22,Male,murrayjack@yahoo.com,18-25,2,Moderate
U01597,sarahhopkins,21,Female,nguyendonna@yahoo.com,18-25,1,Single-course
U01598,zlevine,30,Female,jessica13@gmail.com,26-35,1,Single-course
U01599,tracy23,29,Female,hcoleman@gmail.com,26-35,1,Single-course
U01600,sanderselizabeth,29,Female,anthony38@yahoo.com,26-35,1,Single-course
U01601,phall,23,Female,kathleensandoval@yahoo.com,18-25,2,Moderate
U01602,davisangel,31,Female,ballen@outlook.com,26-35,13,Highly Active
U01603,kennethmartinez,32,Male,bromero@outlook.com,26-35,2,Moderate
U01604,kevinmeza,31,Female,timothy98@yahoo.com,26-35,1,Single-course
U01605,acurtis,18,Male,arthur42@yahoo.com,18-25,1,Single-course
U01606,mdavies,17,Female,grosscharles@gmail.com,<18,1,Single-course
U01607,ryan98,25,Male,obaird@outlook.com,18-25,1,Single-course
U01608,debbie14,15,Female,watsonroger@outlook.com,<18,1,Single-course
U01609,jonesjoan,15,Male,tyler47@hotmail.com,<18,1,Single-course
U01610,kgarcia,31,Male,michael22@gmail.com,26-35,1,Single-course
U01611,sheilawilson,27,Male,jerrylynn@hotmail.com,26-35,1,Single-course
U01612,htaylor,29,Male,kristine84@outlook.com,26-35,1,Single-course
U01613,alex16,25,Male,rhodesjessica@outlook.com,18-25,1,Single-course
U01614,mcarpenter,17,Male,geoffrey77@hotmail.com,<18,1,Single-course
U01615,allisonpeters,29,Male,ndaniel@gmail.com,26-35,1,Single-course
U01616,lcalderon,20,Male,nataliemartin@gmail.com,18-25,1,Single-course
U01617,marquezedward,21,Male,brownbelinda@hotmail.com,18-25,1,Single-course
U01618,victoriawebster,15,Female,robertmccall@hotmail.com,<18,13,Highly Active
U01619,dbrown,20,Female,william74@hotmail.com,18-25,1,Single-course
U01620,dtorres,19,Female,donovankatherine@gmail.com,18-25,1,Single-course
U01621,kylebell,16,Female,amy94@gmail.com,<18,2,Moderate
U01622,scottkennedy,15,Female,christina10@hotmail.com,<18,1,Single-course
U01623,sarathomas,23,Male,garciasean@gmail.com,18-25,1,Single-course
U01624,markwells,34,Female,william38@hotmail.com,26-35,4,Moderate
U01625,taylorjoshua,33,Female,brittany29@outlook.com,26-35,3,Moderate
U01626,amythornton,26,Female,howardjennifer@yahoo.com,26-35,1,Single-course
U01627,collinslisa,23,Female,diazjessica@outlook.com,18-25,13,Highly Active
U01628,emilymartin,26,Male,martincynthia@gmail.com,26-35,14,Highly Active
U01629,hansondennis,28,Female,shannondelgado@hotmail.com,26-35,1,Single-course
U01630,laurie24,33,Male,fnichols@gmail.com,26-35,1,Single-course
U01631,aaron63,18,Female,gregorylarsen@hotmail.com,18-25,2,Moderate
U01632,ygarcia,21,Male,gouldphilip@yahoo.com,18-25,1,Single-course
U01633,randy38,34,Male,asimmons@hotmail.com,26-35,1,Single-course
U01634,kevin78,35,Male,victormiller@yahoo.com,26-35,1,Single-course
U01635,candrews,18,Female,collierjeremy@gmail.com,18-25,14,Highly Active
U01636,stevenknapp,19,Male,zadams@hotmail.com,18-25,1,Single-course
U01637,ferrellgeorge,30,Male,robertwade@yahoo.com,26-35,13,Highly Active
U01638,jonathan56,26,Male,leesavannah@yahoo.com,26-35,1,Single-course
U01639,ubridges,27,Male,seth87@hotmail.com,26-35,1,Single-course
U01640,taylorkimberly,23,Female,thomas13@yahoo.com,18-25,1,Single-course
U01641,bbowen,17,Male,qlewis@gmail.com,<18,1,Single-course
U01642,juliehernandez,26,Male,hnelson@outlook.com,26-35,1,Single-course
U01643,moorejulia,25,Male,englishjustin@yahoo.com,18-25,1,Single-course
U01644,katherine11,23,Male,awallace@outlook.com,18-25,3,Moderate
U01645,curtis73,19,Male,jbaker@hotmail.com,18-25,3,Moderate
U01646,wrojas,28,Female,daviddaugherty@outlook.com,26-35,1,Single-course
U01647,smithvincent,17,Female,kellyflores@hotmail.com,<18,13,Highly Active
U01648,mmosley,22,Female,jessica65@hotmail.com,18-25,4,Moderate
U01649,maryharris,35,Male,taylor63@outlook.com,26-35,13,Highly Active
U01650,bethpalmer,33,Male,tonyward@gmail.com,26-35,1,Single-course
U01651,anthonygomez,25,Female,ologan@yahoo.com,18-25,1,Single-course
U01652,markharper,35,Male,lisajones@yahoo.com,26-35,2,Moderate
U01653,richard46,21,Female,geraldbrown@outlook.com,18-25,1,Single-course
U01654,lori03,22,Female,parkmarisa@outlook.com,18-25,15,Highly Active
U01655,austinlee,23,Male,rodneyreed@hotmail.com,18-25,1,Single-course
U01656,norrisdakota,27,Male,saragross@outlook.com,26-35,12,Highly Active
U01657,lopezjesse,22,Female,sgreen@yahoo.com,18-25,1,Single-course
U01658,spencer81,31,Female,yyang@hotmail.com,26-35,1,Single-course
U01659,brendarodriguez,27,Female,williamsonwilliam@hotmail.com,26-35,3,Moderate
U01660,clinton81,25,Female,masoncynthia@gmail.com,18-25,2,Moderate
U01661,tracywilson,27,Female,cainangela@hotmail.com,26-35,1,Single-course
U01662,dustin08,28,Male,joseph90@yahoo.com,26-35,15,Highly Active
U01663,sandra93,28,Female,vbooth@gmail.com,26-35,2,Moderate
U01664,sara98,23,Female,rmayer@yahoo.com,18-25,2,Moderate
U01665,kimberly94,34,Female,melissa92@gmail.com,26-35,4,Moderate
U01666,fbarber,28,Female,donna63@hotmail.com,26-35,14,Highly Active
U01667,sandrastewart,23,Female,simpsondonald@yahoo.com,18-25,1,Single-course
U01668,alambert,27,Female,stephanievillarreal@yahoo.com,26-35,1,Single-course
U01669,julie64,30,Female,oramirez@outlook.com,26-35,2,Moderate
U01670,justin64,19,Male,bwilliamson@outlook.com,18-25,1,Single-course
U01671,apugh,25,Male,egreen@yahoo.com,18-25,15,Highly Active
U01672,carolynfriedman,15,Male,santosvictor@hotmail.com,<18,1,Single-course
U01673,francosusan,16,Male,nataliestrong@gmail.com,<18,1,Single-course
U01674,carl17,27,Female,kimberly19@yahoo.com,26-35,14,Highly Active
U01675,douglasthompson,17,Male,samantha32@yahoo.com,<18,1,Single-course
U01676,odunn,22,Male,kennethfloyd@yahoo.com,18-25,1,Single-course
U01677,mistypowell,22,Male,tammy35@yahoo.com,18-25,2,Moderate
U01678,christina89,31,Female,upierce@hotmail.com,26-35,1,Single-course
U01679,collinstracy,16,Female,wcarpenter@gmail.com,<18,1,Single-course
U01680,slynch,30,Male,chankayla@yahoo.com,26-35,1,Single-course
U01681,brownryan,33,Male,rthompson@hotmail.com,26-35,1,Single-course
U01682,josephbrown,21,Male,rogersmelissa@gmail.com,18-25,2,Moderate
U01683,christywoods,19,Female,powellandrew@gmail.com,18-25,1,Single-course
U01684,meganwhite,26,Female,bryan07@gmail.com,26-35,2,Moderate
U01685,jameslarson,26,Female,xvang@hotmail.com,26-35,1,Single-course
U01686,nathan53,32,Male,stacie37@yahoo.com,26-35,1,Single-course
U01687,dianaburnett,23,Female,cynthiahall@hotmail.com,18-25,2,Moderate
U01688,valeriegalvan,28,Female,millerzachary@gmail.com,26-35,2,Moderate
U01689,burnsjoel,30,Female,james38@outlook.com,26-35,1,Single-course
U01690,lori78,27,Male,ryandavila@yahoo.com,26-35,4,Moderate
U01691,morantoni,22,Male,tiffany52@gmail.com,18-25,1,Single-course
U01692,davidsonmark,26,Male,ofletcher@hotmail.com,26-35,12,Highly Active
U01693,samantha22,21,Male,aweeks@yahoo.com,18-25,2,Moderate
U01694,david68,35,Male,dianacordova@gmail.com,26-35,1,Single-course
U01695,christine15,32,Male,jvega@gmail.com,26-35,13,Highly Active
U01696,james12,31,Female,aguilarmelissa@gmail.com,26-35,2,Moderate
U01697,whicks,35,Male,connerjennifer@outlook.com,26-35,1,Single-course
U01698,billyrivera,28,Female,amberwalton@hotmail.com,26-35,1,Single-course
U01699,michael90,23,Female,evansdaniel@outlook.com,18-25,1,Single-course
U01700,pagemichelle,25,Female,costalori@hotmail.com,18-25,1,Single-course
U01701,tracy73,22,Male,jeannevargas@yahoo.com,18-25,1,Single-course
U01702,ronaldalexander,21,Female,jack38@gmail.com,18-25,14,Highly Active
U01703,hhogan,21,Male,conleyshawn@outlook.com,18-25,3,Moderate
U01704,ojohnston,30,Female,yvelasquez@hotmail.com,26-35,2,Moderate
U01705,riddleryan,28,Male,melissapierce@outlook.com,26-35,1,Single-course
U01706,zcarter,17,Female,wallacejoseph@hotmail.com,<18,1,Single-course
U01707,brettcampbell,32,Male,ypreston@outlook.com,26-35,3,Moderate
U01708,ymorton,22,Male,gibsonlori@hotmail.com,18-25,14,Highly Active
U01709,klandry,35,Female,smithlucas@gmail.com,26-35,1,Single-course
U01710,amandajackson,32,Male,johnsonwilliam@gmail.com,26-35,1,Single-course
U01711,kyleharris,15,Female,timothy04@gmail.com,<18,1,Single-course
U01712,millerkevin,30,Male,vrose@hotmail.com,26-35,1,Single-course
U01713,dholland,15,Male,alec88@gmail.com,<18,4,Moderate
U01714,patricia40,24,Female,hwebb@outlook.com,18-25,1,Single-course
U01715,edwardsjose,27,Male,vincent79@outlook.com,26-35,1,Single-course
U01716,asalinas,22,Female,michelle32@outlook.com,18-25,1,Single-course
U01717,heather15,20,Male,calebflores@hotmail.com,18-25,1,Single-course
U01718,michelledecker,23,Male,kevin26@yahoo.com,18-25,1,Single-course
U01719,ooliver,32,Female,reesekathy@outlook.com,26-35,1,Single-course
U01720,stoutaustin,21,Female,jeanne53@hotmail.com,18-25,15,Highly Active
U01721,lperry,15,Female,johnbarry@outlook.com,<18,10,Highly Active
U01722,dale82,30,Female,seanreynolds@outlook.com,26-35,1,Single-course
U01723,maryharrison,32,Female,stephaniedixon@outlook.com,26-35,1,Single-course
U01724,juan81,17,Male,scottmendoza@hotmail.com,<18,16,Highly Active
U01725,klinekevin,33,Male,wernerjonathan@hotmail.com,26-35,2,Moderate
U01726,qschwartz,32,Female,chelseycoleman@gmail.com,26-35,13,Highly Active
U01727,zachary70,15,Female,melindajones@outlook.com,<18,1,Single-course
U01728,lmclaughlin,33,Female,charlescooley@outlook.com,26-35,2,Moderate
U01729,michael78,29,Female,dwayne77@yahoo.com,26-35,15,Highly Active
U01730,blackkarl,27,Female,gbarton@yahoo.com,26-35,1,Single-course
U01731,andrewreed,28,Male,michaelbrown@hotmail.com,26-35,1,Single-course
U01732,xferrell,17,Female,woodjames@outlook.com,<18,2,Moderate
U01733,jeffreyprice,20,Female,bgreen@yahoo.com,18-25,4,Moderate
U01734,oortega,29,Male,tommy76@yahoo.com,26-35,3,Moderate
U01735,brentanderson,29,Male,alexisbird@gmail.com,26-35,1,Single-course
U01736,leah74,17,Male,mark33@yahoo.com,<18,1,Single-course
U01737,scottnelson,23,Male,daltonandrews@outlook.com,18-25,1,Single-course
U01738,aortiz,16,Female,qgraham@outlook.com,<18,1,Single-course
U01739,mauriceponce,19,Male,apalmer@hotmail.com,18-25,1,Single-course
U01740,johnbridges,20,Male,claudiafox@outlook.com,18-25,1,Single-course
U01741,uadams,30,Male,jonessteven@yahoo.com,26-35,2,Moderate
U01742,lyork,30,Female,psmith@yahoo.com,26-35,2,Moderate
U01743,mhunter,15,Male,wagnerjerry@yahoo.com,<18,1,Single-course
U01744,john10,22,Male,kingcourtney@yahoo.com,18-25,4,Moderate
U01745,jasonwatts,21,Female,wvilla@yahoo.com,18-25,13,Highly Active
U01746,jodiortega,24,Male,nathaniel40@outlook.com,18-25,14,Highly Active
U01747,kyle18,19,Female,derrickkelley@hotmail.com,18-25,4,Moderate
U01748,williamsadam,22,Male,joseph49@outlook.com,18-25,1,Single-course
U01749,fmiles,31,Female,james11@hotmail.com,26-35,1,Single-course
U01750,stephanieshaw,24,Male,victoria11@gmail.com,18-25,4,Moderate
U01751,mcbridepatrick,25,Female,brandon18@yahoo.com,18-25,1,Single-course
U01752,johnharris,34,Female,kimvincent@outlook.com,26-35,4,Moderate
U01753,kirbyelijah,17,Female,biancaarmstrong@yahoo.com,<18,1,Single-course
U01754,qdiaz,22,Male,henglish@yahoo.com,18-25,1,Single-course
U01755,andrewskelly,26,Female,michellereyes@outlook.com,26-35,1,Single-course
U01756,uortiz,21,Male,anita87@gmail.com,18-25,2,Moderate
U01757,ycarter,26,Female,mariah38@hotmail.com,26-35,1,Single-course
U01758,yhall,16,Female,anelson@yahoo.com,<18,1,Single-course
U01759,pwebster,21,Male,scott26@outlook.com,18-25,1,Single-course
U01760,eric06,19,Male,smoreno@gmail.com,18-25,1,Single-course
U01761,mark03,31,Male,gabriel32@yahoo.com,26-35,2,Moderate
U01762,dustin24,33,Male,reeveschristopher@yahoo.com,26-35,15,Highly Active
U01763,sharon32,24,Male,jimmy75@outlook.com,18-25,1,Single-course
U01764,cowanaustin,30,Male,gomezjennifer@hotmail.com,26-35,2,Moderate
U01765,patrick83,24,Female,lwilliamson@yahoo.com,18-25,1,Single-course
U01766,michaelmiller,33,Female,jamie43@hotmail.com,26-35,3,Moderate
U01767,thomas29,15,Female,housestephen@yahoo.com,<18,1,Single-course
U01768,turnercorey,26,Female,paul81@outlook.com,26-35,2,Moderate
U01769,khanrenee,15,Male,kirkwagner@gmail.com,<18,4,Moderate
U01770,daviselizabeth,22,Female,bryantmichael@outlook.com,18-25,2,Moderate
U01771,calebmorgan,21,Male,baileymax@gmail.com,18-25,3,Moderate
U01772,elizabethrodriguez,32,Female,uburns@outlook.com,26-35,1,Single-course
U01773,tanya67,17,Male,ernestgregory@outlook.com,<18,16,Highly Active
U01774,holly96,17,Male,stephen91@outlook.com,<18,1,Single-course
U01775,nancyhart,31,Female,carterlisa@outlook.com,26-35,2,Moderate
U01776,websterkaren,30,Female,robertclayton@hotmail.com,26-35,2,Moderate
U01777,justin83,27,Male,kimberly25@hotmail.com,26-35,1,Single-course
U01778,phillip31,24,Female,robertnavarro@outlook.com,18-25,2,Moderate
U01779,sarahtrujillo,31,Male,jeremy60@yahoo.com,26-35,1,Single-course
U01780,smithtimothy,27,Male,rblair@hotmail.com,26-35,1,Single-course
U01781,cortezmorgan,30,Male,lhuynh@gmail.com,26-35,1,Single-course
U01782,david48,17,Female,martinmatthew@yahoo.com,<18,1,Single-course
U01783,mcconnellerica,28,Male,ellismark@yahoo.com,26-35,3,Moderate
U01784,ccarr,32,Female,richardbarnes@gmail.com,26-35,1,Single-course
U01785,masonrachel,34,Female,feliciashannon@gmail.com,26-35,1,Single-course
U01786,joseph21,25,Female,michaeljimenez@hotmail.com,18-25,13,Highly Active
U01787,kristin95,30,Female,roybowen@outlook.com,26-35,2,Moderate
U01788,sayers,15,Male,francisdenise@gmail.com,<18,2,Moderate
U01789,rodriguezjacob,33,Female,bryandennis@hotmail.com,26-35,15,Highly Active
U01790,jerrydavidson,25,Male,salazarkyle@hotmail.com,18-25,1,Single-course
U01791,richardrandy,31,Female,reneecampbell@outlook.com,26-35,2,Moderate
U01792,charlottelewis,15,Male,zstewart@outlook.com,<18,1,Single-course
U01793,alexandrawright,30,Male,vasqueztristan@gmail.com,26-35,1,Single-course
U01794,mcbrideamy,26,Male,woodsamantha@outlook.com,26-35,1,Single-course
U01795,wtorres,15,Female,jessica84@outlook.com,<18,13,Highly Active
U01796,catherinegonzales,15,Male,paul98@hotmail.com,<18,1,Single-course
U01797,linda33,33,Male,adamlee@gmail.com,26-35,1,Single-course
U01798,gregoryjenkins,18,Male,vwolfe@yahoo.com,18-25,1,Single-course
U01799,jacobssusan,33,Female,kdaniels@hotmail.com,26-35,1,Single-course
U01800,melaniejacobson,25,Female,kimhoward@yahoo.com,18-25,2,Moderate
U01801,julialong,20,Male,dhernandez@gmail.com,18-25,1,Single-course
U01802,oharris,15,Female,kevin83@outlook.com,<18,1,Single-course
U01803,brett15,27,Female,susandavis@yahoo.com,26-35,3,Moderate
U01804,nicoletaylor,20,Female,whitecarol@hotmail.com,18-25,2,Moderate
U01805,bridget73,21,Male,swilson@outlook.com,18-25,15,Highly Active
U01806,hgomez,26,Male,annalee@gmail.com,26-35,1,Single-course
U01807,veronica27,31,Male,heather88@hotmail.com,26-35,2,Moderate
U01808,stephenwebster,15,Male,faulknergregory@gmail.com,<18,3,Moderate
U01809,alexanderyork,24,Female,sanchezmichelle@gmail.com,18-25,13,Highly Active
U01810,bridgetjohnson,15,Female,cgonzalez@outlook.com,<18,15,Highly Active
U01811,lauriejoyce,28,Female,tsparks@yahoo.com,26-35,1,Single-course
U01812,drussell,17,Male,vbernard@gmail.com,<18,15,Highly Active
U01813,williamstone,24,Female,amber77@yahoo.com,18-25,1,Single-course
U01814,gwilliams,17,Female,donaldconrad@hotmail.com,<18,3,Moderate
U01815,younggina,30,Male,kristineaton@hotmail.com,26-35,1,Single-course
U01816,dwayneatkins,21,Male,teresa09@outlook.com,18-25,2,Moderate
U01817,hillbrian,33,Male,cody19@yahoo.com,26-35,1,Single-course
U01818,samuel96,15,Male,leahlambert@gmail.com,<18,2,Moderate
U01819,kmontgomery,17,Male,qvelasquez@outlook.com,<18,1,Single-course
U01820,vmorrow,24,Male,douglas57@gmail.com,18-25,15,Highly Active
U01821,blankenshipmichael,22,Male,stephaniejohnston@outlook.com,18-25,1,Single-course
U01822,harriseric,22,Male,clee@yahoo.com,18-25,15,Highly Active
U01823,djarvis,22,Male,mahoneymichael@gmail.com,18-25,1,Single-course
U01824,austinbethany,20,Male,scott08@yahoo.com,18-25,1,Single-course
U01825,jeff93,25,Male,xchavez@gmail.com,18-25,14,Highly Active
U01826,jenniferfields,17,Male,bryantchristopher@outlook.com,<18,1,Single-course
U01827,mitchellmarsh,28,Male,robin95@outlook.com,26-35,1,Single-course
U01828,molly55,21,Male,stephanie34@hotmail.com,18-25,1,Single-course
U01829,walkerlisa,27,Male,deannaoconnor@yahoo.com,26-35,2,Moderate
U01830,james96,15,Male,gmedina@hotmail.com,<18,1,Single-course
U01831,eherrera,34,Female,perkinsedwin@yahoo.com,26-35,1,Single-course
U01832,rebecca57,24,Male,rosstammy@yahoo.com,18-25,1,Single-course
U01833,brittneyphillips,16,Male,mccoycraig@outlook.com,<18,2,Moderate
U01834,rebecca24,33,Female,sara87@outlook.com,26-35,1,Single-course
U01835,williamfranklin,27,Male,dylanvargas@hotmail.com,26-35,2,Moderate
U01836,daniel27,32,Female,eric61@hotmail.com,26-35,1,Single-course
U01837,ogutierrez,24,Female,omolina@yahoo.com,18-25,1,Single-course
U01838,haynesrobert,24,Male,lwebster@hotmail.com,18-25,2,Moderate
U01839,kmelton,22,Female,juliecombs@hotmail.com,18-25,1,Single-course
U01840,bradley44,35,Female,sharris@hotmail.com,26-35,14,Highly Active
U01841,jessicagonzalez,18,Female,jennifer41@outlook.com,18-25,1,Single-course
U01842,serranoandre,33,Female,john25@outlook.com,26-35,13,Highly Active
U01843,tiffany83,19,Female,jonathancarson@hotmail.com,18-25,1,Single-course
U01844,colemanmelissa,18,Female,isaac36@outlook.com,18-25,1,Single-course
U01845,andrewbell,17,Female,fosborne@gmail.com,<18,1,Single-course
U01846,kevinalexander,21,Female,campbelljames@hotmail.com,18-25,2,Moderate
U01847,ujohnson,18,Female,tbridges@yahoo.com,18-25,1,Single-course
U01848,jhoward,30,Female,msmith@gmail.com,26-35,1,Single-course
U01849,elizabethfloyd,23,Male,meganbenson@hotmail.com,18-25,1,Single-course
U01850,justin74,29,Female,lee01@gmail.com,26-35,3,Moderate
U01851,abarnes,20,Male,adavis@outlook.com,18-25,4,Moderate
U01852,schwartzgregory,19,Female,jacobslindsey@gmail.com,18-25,4,Moderate
U01853,boydsherry,31,Male,zhangtonya@outlook.com,26-35,1,Single-course
U01854,pruittdavid,16,Male,ryan07@gmail.com,<18,13,Highly Active
U01855,krichardson,15,Female,karen00@gmail.com,<18,1,Single-course
U01856,cohenlauren,27,Male,michaeljones@outlook.com,26-35,1,Single-course
U01857,aprilvincent,27,Female,briggssheila@outlook.com,26-35,2,Moderate
U01858,clarkebianca,34,Female,davidfitzpatrick@gmail.com,26-35,1,Single-course
U01859,thomas50,24,Female,dmiller@gmail.com,18-25,1,Single-course
U01860,bhardy,19,Male,kevin81@yahoo.com,18-25,3,Moderate
U01861,ddominguez,28,Female,wilsonlisa@outlook.com,26-35,2,Moderate
U01862,daniel53,24,Male,uchaney@yahoo.com,18-25,1,Single-course
U01863,wlopez,26,Male,cbutler@outlook.com,26-35,1,Single-course
U01864,michelleharper,15,Male,timothy88@yahoo.com,<18,1,Single-course
U01865,josephwilson,18,Male,stacylowe@yahoo.com,18-25,4,Moderate
U01866,davidharrell,25,Male,rnicholson@gmail.com,18-25,1,Single-course
U01867,monica16,24,Female,shari53@gmail.com,18-25,13,Highly Active
U01868,leslie60,27,Female,lowehector@outlook.com,26-35,2,Moderate
U01869,obennett,32,Male,cnguyen@hotmail.com,26-35,1,Single-course
U01870,edwin11,28,Female,kblanchard@outlook.com,26-35,1,Single-course
U01871,danielparks,21,Male,debra91@hotmail.com,18-25,14,Highly Active
U01872,gatesbrittany,28,Female,bobby06@outlook.com,26-35,14,Highly Active
U01873,jason10,26,Male,travischristopher@hotmail.com,26-35,1,Single-course
U01874,lancelove,15,Female,kbass@outlook.com,<18,1,Single-course
U01875,williamhardy,30,Male,ortizjoshua@gmail.com,26-35,1,Single-course
U01876,pam38,17,Male,suzanne43@outlook.com,<18,14,Highly Active
U01877,elizabethmassey,19,Male,kimberlydorsey@gmail.com,18-25,12,Highly Active
U01878,nlopez,20,Female,christopher77@yahoo.com,18-25,1,Single-course
U01879,davidkemp,32,Female,jeffrey17@outlook.com,26-35,15,Highly Active
U01880,amy23,26,Female,jessica71@gmail.com,26-35,2,Moderate
U01881,paulatanner,30,Male,thompsonsusan@gmail.com,26-35,1,Single-course
U01882,amitchell,30,Female,sarah27@yahoo.com,26-35,3,Moderate
U01883,william23,30,Female,turnershawn@gmail.com,26-35,1,Single-course
U01884,michelle01,20,Male,imartinez@hotmail.com,18-25,1,Single-course
U01885,pwebb,25,Female,freyamanda@outlook.com,18-25,1,Single-course
U01886,achavez,17,Male,monica77@hotmail.com,<18,1,Single-course
U01887,mcintoshdaniel,21,Female,obrown@outlook.com,18-25,1,Single-course
U01888,jonathan59,15,Female,mmarshall@gmail.com,<18,1,Single-course
U01889,bradshawcarol,30,Female,sloanjeremy@outlook.com,26-35,1,Single-course
U01890,scampos,18,Female,pamelaoconnell@gmail.com,18-25,1,Single-course
U01891,darylmooney,35,Female,aliciamadden@gmail.com,26-35,1,Single-course
U01892,wmurphy,16,Male,carriebarnes@hotmail.com,<18,1,Single-course
U01893,michaelsloan,23,Female,debra53@outlook.com,18-25,12,Highly Active
U01894,richardsonchristopher,35,Male,marksjohn@gmail.com,26-35,1,Single-course
U01895,danieldavis,35,Female,tinaburns@gmail.com,26-35,1,Single-course
U01896,rjones,32,Female,schultzcharles@gmail.com,26-35,12,Highly Active
U01897,adixon,15,Female,feliciawallace@yahoo.com,<18,1,Single-course
U01898,gloria83,26,Male,michaelgonzalez@hotmail.com,26-35,1,Single-course
U01899,bwall,25,Female,combsmaria@hotmail.com,18-25,2,Moderate
U01900,qwood,19,Male,williamschristopher@yahoo.com,18-25,11,Highly Active
U01901,nkim,23,Male,monique71@hotmail.com,18-25,1,Single-course
U01902,parsonskathryn,30,Female,charlesbrown@gmail.com,26-35,1,Single-course
U01903,sandersjacob,17,Female,jacqueline38@yahoo.com,<18,13,Highly Active
U01904,lambertamy,17,Male,morgandavid@gmail.com,<18,1,Single-course
U01905,suttonlaura,24,Female,paul26@outlook.com,18-25,2,Moderate
U01906,hporter,19,Male,debrawilliams@hotmail.com,18-25,15,Highly Active
U01907,hmitchell,15,Male,adamsscott@outlook.com,<18,2,Moderate
U01908,elizabethjackson,19,Male,natashaclark@hotmail.com,18-25,12,Highly Active
U01909,sjennings,25,Male,tanya76@hotmail.com,18-25,3,Moderate
U01910,leah34,28,Male,ashleyclark@outlook.com,26-35,1,Single-course
U01911,ywhitaker,22,Male,kimberly21@gmail.com,18-25,1,Single-course
U01912,fletcherdestiny,24,Female,qberger@hotmail.com,18-25,1,Single-course
U01913,ethan70,24,Male,qhiggins@hotmail.com,18-25,1,Single-course
U01914,ryanadkins,32,Female,christopher63@gmail.com,26-35,1,Single-course
U01915,madisonwise,34,Female,salazarcindy@outlook.com,26-35,2,Moderate
U01916,annaliu,29,Male,autumnbest@hotmail.com,26-35,1,Single-course
U01917,juanward,18,Female,solisadrian@yahoo.com,18-25,15,Highly Active
U01918,gfleming,23,Male,anthony16@hotmail.com,18-25,14,Highly Active
U01919,kyleconway,16,Female,tonyahood@gmail.com,<18,1,Single-course
U01920,matthewkennedy,33,Male,obriensara@yahoo.com,26-35,13,Highly Active
U01921,nguyenkayla,24,Male,masonedward@hotmail.com,18-25,2,Moderate
U01922,jjohnson,21,Male,caitlin14@gmail.com,18-25,2,Moderate
U01923,travismartin,19,Male,jessica16@hotmail.com,18-25,1,Single-course
U01924,rhonda09,20,Male,phillip05@yahoo.com,18-25,2,Moderate
U01925,bgarcia,33,Male,tburns@yahoo.com,26-35,1,Single-course
U01926,harrisbobby,26,Female,parkerstephanie@hotmail.com,26-35,13,Highly Active
U01927,psummers,27,Female,qholden@outlook.com,26-35,1,Single-course
U01928,annehogan,33,Female,hayslisa@gmail.com,26-35,1,Single-course
U01929,jonathan04,19,Male,jeffrey72@yahoo.com,18-25,14,Highly Active
U01930,kelleyphillip,28,Female,caleb45@yahoo.com,26-35,1,Single-course
U01931,bcrawford,23,Female,justin29@gmail.com,18-25,11,Highly Active
U01932,reginaldaustin,25,Male,michaelpeters@outlook.com,18-25,1,Single-course
U01933,baileyapril,27,Female,ellenpierce@yahoo.com,26-35,2,Moderate
U01934,imoore,22,Male,turnerdebbie@outlook.com,18-25,14,Highly Active
U01935,morgan05,33,Female,wilsonkevin@outlook.com,26-35,1,Single-course
U01936,aramsey,23,Male,lnguyen@outlook.com,18-25,2,Moderate
U01937,hcharles,21,Female,larry13@outlook.com,18-25,1,Single-course
U01938,cynthiakoch,33,Female,brownpatricia@gmail.com,26-35,2,Moderate
U01939,wayne63,35,Male,townsenddonald@yahoo.com,26-35,4,Moderate
U01940,shaffertravis,16,Female,diazchristopher@hotmail.com,<18,2,Moderate
U01941,charlessullivan,26,Female,laura74@yahoo.com,26-35,1,Single-course
U01942,mike82,27,Male,lindsey50@yahoo.com,26-35,1,Single-course
U01943,james23,17,Male,sarahscott@yahoo.com,<18,14,Highly Active
U01944,lisa00,19,Female,amandawarren@gmail.com,18-25,2,Moderate
U01945,bakerkimberly,29,Female,mcclainsean@gmail.com,26-35,1,Single-course
U01946,oschmidt,19,Female,seanmueller@hotmail.com,18-25,1,Single-course
U01947,gilmorebrent,27,Female,jeremynavarro@yahoo.com,26-35,1,Single-course
U01948,keith04,33,Female,kimberlyroberts@hotmail.com,26-35,1,Single-course
U01949,iwest,19,Male,clayton00@outlook.com,18-25,1,Single-course
U01950,juarezkatherine,29,Male,jeanne26@outlook.com,26-35,2,Moderate
U01951,tara17,19,Female,alexissimmons@yahoo.com,18-25,3,Moderate
U01952,williamscaleb,15,Female,austin19@hotmail.com,<18,2,Moderate
U01953,stevenfox,19,Male,amyhorne@outlook.com,18-25,15,Highly Active
U01954,ujoyce,35,Male,moransusan@gmail.com,26-35,1,Single-course
U01955,ochoaphillip,29,Female,theresa83@yahoo.com,26-35,1,Single-course
U01956,jlong,34,Male,billyanderson@outlook.com,26-35,1,Single-course
U01957,carl93,30,Male,stephaniedougherty@outlook.com,26-35,1,Single-course
U01958,elopez,16,Male,william09@yahoo.com,<18,12,Highly Active
U01959,sandrarogers,26,Female,ykelly@gmail.com,26-35,12,Highly Active
U01960,molinacarly,19,Female,fernando50@gmail.com,18-25,1,Single-course
U01961,jordancole,30,Male,douglas62@gmail.com,26-35,14,Highly Active
U01962,ramosvalerie,19,Male,jonathan98@hotmail.com,18-25,11,Highly Active
U01963,pricejessica,30,Male,josebell@gmail.com,26-35,1,Single-course
U01964,mayandrea,32,Male,nmoore@hotmail.com,26-35,4,Moderate
U01965,ppham,19,Female,sellerswilliam@yahoo.com,18-25,1,Single-course
U01966,lthornton,25,Female,bethany09@outlook.com,18-25,4,Moderate
U01967,jamespoole,27,Female,gabrielladavis@outlook.com,26-35,1,Single-course
U01968,riveralisa,30,Female,ruizmark@gmail.com,26-35,2,Moderate
U01969,beckkim,26,Male,carolynweeks@hotmail.com,26-35,1,Single-course
U01970,janetsnyder,16,Female,kimberly01@hotmail.com,<18,2,Moderate
U01971,davidsmith,17,Female,todd55@outlook.com,<18,1,Single-course
U01972,jennifer19,18,Male,mollybaker@outlook.com,18-25,1,Single-course
U01973,parsonsdeanna,30,Male,tparrish@hotmail.com,26-35,1,Single-course
U01974,ashley84,31,Female,vjohnson@gmail.com,26-35,2,Moderate
U01975,brendabaker,29,Male,smithguy@outlook.com,26-35,1,Single-course
U01976,pfinley,24,Male,cmosley@gmail.com,18-25,1,Single-course
U01977,jesseaguilar,32,Male,donnajames@gmail.com,26-35,2,Moderate
U01978,ballardjulie,26,Male,stephensullivan@gmail.com,26-35,1,Single-course
U01979,jerry02,25,Female,whitecasey@yahoo.com,18-25,12,Highly Active
U01980,zsanchez,15,Female,trevorleonard@outlook.com,<18,1,Single-course
U01981,zreed,27,Female,stephaniethornton@outlook.com,26-35,1,Single-course
U01982,znelson,35,Female,jeffreycarpenter@gmail.com,26-35,1,Single-course
U01983,hrosales,29,Female,garrettbarbara@yahoo.com,26-35,1,Single-course
U01984,adamlewis,15,Female,melissa46@hotmail.com,<18,1,Single-course
U01985,wrightjonathan,22,Female,rfoster@gmail.com,18-25,1,Single-course
U01986,victor49,29,Female,steven68@gmail.com,26-35,1,Single-course
U01987,ashleyhodges,15,Male,xanderson@outlook.com,<18,13,Highly Active
U01988,thompsontyler,17,Female,rcase@hotmail.com,<18,1,Single-course
U01989,erica39,26,Female,lauradelacruz@hotmail.com,26-35,13,Highly Active
U01990,mcdonaldnancy,16,Male,robertsdavid@hotmail.com,<18,2,Moderate
U01991,aliciavance,16,Female,paul27@outlook.com,<18,3,Moderate
U01992,cruzraymond,18,Male,scott44@yahoo.com,18-25,2,Moderate
U01993,bradley00,23,Female,markclark@yahoo.com,18-25,14,Highly Active
U01994,cameronwilliams,20,Female,wesley31@gmail.com,18-25,11,Highly Active
U01995,evansmarie,35,Female,brianlane@hotmail.com,26-35,1,Single-course
U01996,brianlittle,29,Female,matthew92@hotmail.com,26-35,1,Single-course
U01997,melissa23,16,Male,ztaylor@gmail.com,<18,1,Single-course
U01998,christopher36,23,Male,courtney73@outlook.com,18-25,15,Highly Active
U01999,marissa62,17,Female,vbowen@yahoo.com,<18,2,Moderate
U02000,kathryn80,32,Male,john49@outlook.com,26-35,2,Moderate
U02001,kimberlywilliams,30,Male,mark43@outlook.com,26-35,1,Single-course
U02002,qturner,23,Female,williamyoung@gmail.com,18-25,1,Single-course
U02003,ledanielle,31,Male,jeremybrooks@gmail.com,26-35,4,Moderate
U02004,zdavidson,27,Male,wgill@hotmail.com,26-35,1,Single-course
U02005,smithjonathan,27,Male,ganderson@outlook.com,26-35,1,Single-course
U02006,mccoysarah,34,Male,alan64@gmail.com,26-35,1,Single-course
U02007,cassieharper,25,Female,dawsonandrew@hotmail.com,18-25,1,Single-course
U02008,mallory85,25,Male,donnamacdonald@yahoo.com,18-25,1,Single-course
U02009,singhtracy,34,Male,joshua71@hotmail.com,26-35,1,Single-course
U02010,harveygregory,31,Male,pricesavannah@gmail.com,26-35,14,Highly Active
U02011,lindsaysteele,27,Male,katherinehenson@outlook.com,26-35,1,Single-course
U02012,laurahendricks,17,Female,paul34@outlook.com,<18,1,Single-course
U02013,yjoseph,29,Female,john33@gmail.com,26-35,2,Moderate
U02014,andrewyoung,23,Female,bbarnett@yahoo.com,18-25,3,Moderate
U02015,christopherrobinson,30,Male,kennethsantiago@yahoo.com,26-35,14,Highly Active
U02016,wlee,25,Male,zbrooks@hotmail.com,18-25,1,Single-course
U02017,kimberlygriffin,22,Female,brittany31@gmail.com,18-25,2,Moderate
U02018,melissaedwards,35,Male,xbraun@yahoo.com,26-35,1,Single-course
U02019,schwartzandrew,25,Female,robert67@yahoo.com,18-25,3,Moderate
U02020,davidmorse,18,Male,edward77@yahoo.com,18-25,1,Single-course
U02021,ashleygonzales,25,Female,ytanner@hotmail.com,18-25,1,Single-course
U02022,thomasmichelle,27,Female,scott77@outlook.com,26-35,11,Highly Active
U02023,savery,31,Female,richard67@hotmail.com,26-35,2,Moderate
U02024,paulmccullough,24,Female,brentjohnson@yahoo.com,18-25,2,Moderate
U02025,juliesnyder,21,Male,ulopez@gmail.com,18-25,1,Single-course
U02026,danielle92,19,Female,amyrobinson@outlook.com,18-25,1,Single-course
U02027,tami42,28,Male,steven35@outlook.com,26-35,1,Single-course
U02028,mariejohnson,35,Female,markjacobs@gmail.com,26-35,2,Moderate
U02029,haynesscott,28,Male,jillian99@yahoo.com,26-35,1,Single-course
U02030,brenda53,28,Female,jessica38@yahoo.com,26-35,1,Single-course
U02031,simmonsmartin,20,Male,crystal76@yahoo.com,18-25,2,Moderate
U02032,nwebb,17,Male,kimberlysmith@yahoo.com,<18,2,Moderate
U02033,jasmineharris,25,Male,goodwinmichael@outlook.com,18-25,1,Single-course
U02034,garrettjenkins,31,Female,stevensadam@hotmail.com,26-35,1,Single-course
U02035,andersondavid,32,Male,johnsonrobert@outlook.com,26-35,15,Highly Active
U02036,james18,26,Male,lindsey11@yahoo.com,26-35,2,Moderate
U02037,wmacias,18,Female,parkerdylan@hotmail.com,18-25,2,Moderate
U02038,leonardcalvin,32,Female,clarkcameron@yahoo.com,26-35,11,Highly Active
U02039,tonyoliver,29,Male,virginia52@outlook.com,26-35,13,Highly Active
U02040,uphillips,30,Male,parksalyssa@yahoo.com,26-35,1,Single-course
U02041,hbarnes,34,Male,leesteven@gmail.com,26-35,3,Moderate
U02042,downsjulian,32,Female,gabriel66@gmail.com,26-35,1,Single-course
U02043,patelrebekah,23,Female,novakmark@outlook.com,18-25,1,Single-course
U02044,marilynglover,24,Female,james43@gmail.com,18-25,2,Moderate
U02045,butlermichael,28,Female,bbolton@yahoo.com,26-35,1,Single-course
U02046,nicole90,17,Male,moorerachel@gmail.com,<18,1,Single-course
U02047,mark74,18,Female,erin97@yahoo.com,18-25,1,Single-course
U02048,amypayne,19,Female,jasminewarner@outlook.com,18-25,1,Single-course
U02049,dfitzgerald,22,Male,andrew00@gmail.com,18-25,1,Single-course
U02050,lcrawford,28,Male,williamlowe@hotmail.com,26-35,3,Moderate
U02051,nielsenannette,31,Female,larabrian@hotmail.com,26-35,1,Single-course
U02052,whitneylee,21,Male,wongmichael@gmail.com,18-25,2,Moderate
U02053,crystal60,19,Female,sean60@hotmail.com,18-25,1,Single-course
U02054,lmcbride,23,Male,tbell@gmail.com,18-25,2,Moderate
U02055,jose80,33,Female,joseph52@hotmail.com,26-35,14,Highly Active
U02056,smithjamie,35,Female,lwilson@outlook.com,26-35,1,Single-course
U02057,timothy68,16,Male,romerochristy@gmail.com,<18,2,Moderate
U02058,kathleenhernandez,16,Male,john36@hotmail.com,<18,13,Highly Active
U02059,gbanks,20,Female,johnsonjimmy@hotmail.com,18-25,1,Single-course
U02060,johnnybennett,31,Female,natalie42@hotmail.com,26-35,3,Moderate
U02061,cohenbeth,25,Female,blake71@outlook.com,18-25,1,Single-course
U02062,martin27,35,Male,mlittle@yahoo.com,26-35,1,Single-course
U02063,hmcdonald,26,Male,zbullock@gmail.com,26-35,2,Moderate
U02064,debra55,35,Male,xford@gmail.com,26-35,15,Highly Active
U02065,mary34,20,Male,sandersvirginia@outlook.com,18-25,2,Moderate
U02066,adamcamacho,18,Male,qhammond@outlook.com,18-25,1,Single-course
U02067,kinglaurie,26,Female,abradford@hotmail.com,26-35,1,Single-course
U02068,harperjoshua,15,Male,william40@gmail.com,<18,13,Highly Active
U02069,cassandra76,18,Male,davidweber@gmail.com,18-25,1,Single-course
U02070,jeffreypham,31,Female,imarquez@gmail.com,26-35,1,Single-course
U02071,stevensvalerie,24,Male,matthewmcmillan@outlook.com,18-25,13,Highly Active
U02072,williammarsh,16,Male,rsmith@hotmail.com,<18,1,Single-course
U02073,parkertara,19,Female,markjohnson@yahoo.com,18-25,2,Moderate
U02074,sburns,27,Female,danieltucker@gmail.com,26-35,14,Highly Active
U02075,stephaniechavez,26,Male,powellelizabeth@outlook.com,26-35,1,Single-course
U02076,gardnershane,24,Female,monicagreer@outlook.com,18-25,1,Single-course
U02077,singhalbert,24,Male,jmorse@hotmail.com,18-25,14,Highly Active
U02078,diamondgonzalez,34,Female,rayanthony@hotmail.com,26-35,2,Moderate
U02079,briancoleman,29,Female,xmeyer@yahoo.com,26-35,1,Single-course
U02080,obrandt,33,Male,patrick16@gmail.com,26-35,2,Moderate
U02081,carmenbrooks,19,Female,jenkinsevan@gmail.com,18-25,2,Moderate
U02082,richard11,26,Female,natalie18@hotmail.com,26-35,1,Single-course
U02083,bakertyler,27,Female,nathanburch@gmail.com,26-35,2,Moderate
U02084,ashley58,21,Female,deborahsanders@yahoo.com,18-25,3,Moderate
U02085,sshaffer,22,Female,norrisdiana@outlook.com,18-25,1,Single-course
U02086,xrussell,30,Male,oduran@outlook.com,26-35,2,Moderate
U02087,stonewalter,28,Female,cburke@hotmail.com,26-35,1,Single-course
U02088,amandacardenas,18,Female,huffmanpaul@gmail.com,18-25,1,Single-course
U02089,dannyrosario,16,Female,martinstephanie@gmail.com,<18,1,Single-course
U02090,kennethhughes,22,Female,pstuart@outlook.com,18-25,1,Single-course
U02091,bianca39,27,Male,allendavid@yahoo.com,26-35,3,Moderate
U02092,tiffany14,25,Female,martineric@yahoo.com,18-25,1,Single-course
U02093,joshua56,18,Male,christopherthompson@yahoo.com,18-25,2,Moderate
U02094,wrightstephanie,24,Female,jonathangarcia@gmail.com,18-25,11,Highly Active
U02095,ngeorge,32,Female,yfry@yahoo.com,26-35,1,Single-course
U02096,jprice,31,Male,salinasdaniel@yahoo.com,26-35,13,Highly Active
U02097,jeannecole,15,Female,jacksonaaron@outlook.com,<18,2,Moderate
U02098,grahamdouglas,25,Male,timothywoods@yahoo.com,18-25,13,Highly Active
U02099,christopher01,21,Female,joshua64@yahoo.com,18-25,1,Single-course
U02100,francisholly,15,Female,dacosta@gmail.com,<18,1,Single-course
U02101,paynecourtney,27,Male,jenkinschristina@gmail.com,26-35,1,Single-course
U02102,richardsingh,20,Female,luis72@gmail.com,18-25,3,Moderate
U02103,wwalker,33,Male,harrisadam@outlook.com,26-35,3,Moderate
U02104,billjones,15,Male,fwilliams@yahoo.com,<18,1,Single-course
U02105,kbrown,32,Female,amcgrath@outlook.com,26-35,1,Single-course
U02106,ryan68,28,Female,davidsonjennifer@yahoo.com,26-35,1,Single-course
U02107,izimmerman,31,Male,torresmichelle@gmail.com,26-35,2,Moderate
U02108,cesar18,27,Female,rebeccakent@yahoo.com,26-35,1,Single-course
U02109,monicayoung,23,Male,logan02@hotmail.com,18-25,1,Single-course
U02110,nathaniel05,25,Male,hdelgado@yahoo.com,18-25,1,Single-course
U02111,amandamorris,21,Male,washingtonamy@outlook.com,18-25,1,Single-course
U02112,edwin13,22,Female,karen97@gmail.com,18-25,2,Moderate
U02113,johnrangel,28,Female,mendezchristopher@yahoo.com,26-35,2,Moderate
U02114,stuartriley,32,Male,hudsonheather@gmail.com,26-35,1,Single-course
U02115,sharon51,18,Male,martinkaren@outlook.com,18-25,1,Single-course
U02116,frank20,32,Female,osherman@yahoo.com,26-35,1,Single-course
U02117,rknight,31,Male,fletchermatthew@outlook.com,26-35,1,Single-course
U02118,travis60,27,Male,jrichardson@yahoo.com,26-35,1,Single-course
U02119,cookecurtis,24,Female,oneillmario@outlook.com,18-25,1,Single-course
U02120,garyhaley,19,Male,sanchezashley@outlook.com,18-25,2,Moderate
U02121,pinedaamanda,16,Female,michelle69@hotmail.com,<18,1,Single-course
U02122,millerjocelyn,32,Female,randolphgina@outlook.com,26-35,2,Moderate
U02123,oneillcarolyn,32,Male,sjimenez@gmail.com,26-35,2,Moderate
U02124,smithtony,15,Female,emccoy@gmail.com,<18,1,Single-course
U02125,hsharp,31,Female,sarah08@outlook.com,26-35,13,Highly Active
U02126,pholland,22,Female,matthewmoyer@yahoo.com,18-25,1,Single-course
U02127,kelleyeric,21,Female,barberwilliam@outlook.com,18-25,2,Moderate
U02128,caleb55,30,Male,jasonthomas@hotmail.com,26-35,1,Single-course
U02129,woodholly,20,Female,burnstim@outlook.com,18-25,2,Moderate
U02130,kristen77,19,Male,kelli90@outlook.com,18-25,1,Single-course
U02131,nathan19,27,Female,karamcgee@outlook.com,26-35,1,Single-course
U02132,kochjennifer,20,Female,katherinemarshall@hotmail.com,18-25,2,Moderate
U02133,hwalker,21,Male,epatterson@outlook.com,18-25,2,Moderate
U02134,ethomas,31,Female,lee15@yahoo.com,26-35,1,Single-course
U02135,heather03,31,Male,jacqueline17@yahoo.com,26-35,1,Single-course
U02136,patrick78,33,Male,yhicks@gmail.com,26-35,1,Single-course
U02137,debra52,30,Male,vthomas@hotmail.com,26-35,1,Single-course
U02138,inixon,19,Female,kathrynshields@yahoo.com,18-25,2,Moderate
U02139,jorgejohnson,23,Male,christophergilbert@gmail.com,18-25,1,Single-course
U02140,lisahoward,21,Female,manuelbailey@yahoo.com,18-25,1,Single-course
U02141,morrisonanthony,17,Male,gmartinez@hotmail.com,<18,2,Moderate
U02142,srose,26,Female,beandawn@outlook.com,26-35,4,Moderate
U02143,harveymarie,24,Male,davidrobinson@gmail.com,18-25,3,Moderate
U02144,isaiah46,15,Male,larrygray@gmail.com,<18,14,Highly Active
U02145,jeffreymartin,16,Female,johnsonrebecca@yahoo.com,<18,1,Single-course
U02146,denise68,17,Male,sharon71@gmail.com,<18,1,Single-course
U02147,ernestshaw,33,Male,pyoung@hotmail.com,26-35,15,Highly Active
U02148,criley,31,Female,laurensutton@hotmail.com,26-35,1,Single-course
U02149,yking,21,Female,davisjulie@outlook.com,18-25,15,Highly Active
U02150,blogan,16,Female,haleyclayton@outlook.com,<18,1,Single-course
U02151,jennifer75,18,Female,gschroeder@gmail.com,18-25,13,Highly Active
U02152,foxryan,35,Female,vodonnell@outlook.com,26-35,13,Highly Active
U02153,hallchristopher,18,Female,michael98@gmail.com,18-25,13,Highly Active
U02154,david23,16,Male,lisa13@gmail.com,<18,3,Moderate
U02155,antonio50,16,Female,mariahamilton@gmail.com,<18,14,Highly Active
U02156,christine62,34,Female,melissa26@hotmail.com,26-35,1,Single-course
U02157,nschmidt,29,Male,aprilpeters@yahoo.com,26-35,3,Moderate
U02158,wwhitney,17,Female,spearsjennifer@gmail.com,<18,4,Moderate
U02159,gibsonmariah,29,Female,ericsantana@outlook.com,26-35,2,Moderate
U02160,brenda07,21,Female,emily02@yahoo.com,18-25,1,Single-course
U02161,blewis,23,Female,michelle01@outlook.com,18-25,14,Highly Active
U02162,tsims,25,Male,dcobb@yahoo.com,18-25,1,Single-course
U02163,kennedydavid,29,Male,colecarlos@hotmail.com,26-35,1,Single-course
U02164,robert57,25,Female,lchoi@gmail.com,18-25,1,Single-course
U02165,juan87,18,Male,lisa36@yahoo.com,18-25,1,Single-course
U02166,xcardenas,27,Male,andrew79@yahoo.com,26-35,1,Single-course
U02167,thomaswhitney,25,Female,jacksonjennifer@outlook.com,18-25,3,Moderate
U02168,david71,34,Male,bowmancaitlin@yahoo.com,26-35,1,Single-course
U02169,patricia11,32,Female,rojasmichael@yahoo.com,26-35,1,Single-course
U02170,joshuasmith,24,Male,steven49@hotmail.com,18-25,1,Single-course
U02171,andersontina,31,Male,mortondana@hotmail.com,26-35,2,Moderate
U02172,fuentesmaxwell,34,Male,valerie27@yahoo.com,26-35,1,Single-course
U02173,perezrenee,22,Female,cswanson@gmail.com,18-25,1,Single-course
U02174,hornanthony,17,Female,ariasjessica@gmail.com,<18,14,Highly Active
U02175,lmurray,15,Female,aguilarcatherine@hotmail.com,<18,2,Moderate
U02176,yglover,23,Male,andradejason@outlook.com,18-25,1,Single-course
U02177,xherrera,35,Male,tanya49@hotmail.com,26-35,1,Single-course
U02178,kellymontoya,21,Female,tannerhopkins@hotmail.com,18-25,1,Single-course
U02179,rachel77,27,Female,dillonbradley@gmail.com,26-35,2,Moderate
U02180,mhuerta,31,Female,turneralexandra@gmail.com,26-35,4,Moderate
U02181,hbates,27,Female,johnwebb@outlook.com,26-35,2,Moderate
U02182,maria47,29,Male,bradley99@hotmail.com,26-35,2,Moderate
U02183,ronald54,19,Male,scottbrooke@hotmail.com,18-25,1,Single-course
U02184,whiteheidi,20,Female,brittney48@gmail.com,18-25,2,Moderate
U02185,forbessherry,16,Male,rodgerscynthia@yahoo.com,<18,2,Moderate
U02186,zmueller,29,Male,rwilliams@gmail.com,26-35,4,Moderate
U02187,josephperry,21,Male,bishoptiffany@gmail.com,18-25,2,Moderate
U02188,littlejulie,17,Female,jamesrusso@yahoo.com,<18,1,Single-course
U02189,angela86,18,Male,billygibson@hotmail.com,18-25,1,Single-course
U02190,sarah34,19,Male,justin83@gmail.com,18-25,4,Moderate
U02191,potterjessica,24,Male,vicki84@outlook.com,18-25,4,Moderate
U02192,agonzalez,22,Female,patriciasexton@outlook.com,18-25,2,Moderate
U02193,matthew54,20,Male,harmonjill@gmail.com,18-25,2,Moderate
U02194,rhodeskimberly,18,Male,david53@yahoo.com,18-25,2,Moderate
U02195,stoneamy,27,Female,sherry47@outlook.com,26-35,1,Single-course
U02196,mirandacooper,31,Female,brian28@hotmail.com,26-35,1,Single-course
U02197,mortontheresa,24,Female,katherine61@yahoo.com,18-25,2,Moderate
U02198,danielhoffman,17,Female,guerrerowilliam@yahoo.com,<18,2,Moderate
U02199,qball,27,Male,tchambers@hotmail.com,26-35,12,Highly Active
U02200,michaelfuentes,23,Male,richard59@yahoo.com,18-25,2,Moderate
U02201,lauriealexander,20,Male,michaela21@outlook.com,18-25,1,Single-course
U02202,yallen,28,Male,tracy94@gmail.com,26-35,1,Single-course
U02203,jeffreymartinez,31,Female,gonzalezashley@gmail.com,26-35,1,Single-course
U02204,danny36,16,Female,qmoss@gmail.com,<18,1,Single-course
U02205,amiddleton,34,Female,brandon03@hotmail.com,26-35,1,Single-course
U02206,evansnicole,31,Male,hannahmurray@outlook.com,26-35,3,Moderate
U02207,sandramarshall,33,Female,crystalroberts@outlook.com,26-35,1,Single-course
U02208,ssanders,30,Male,michael60@hotmail.com,26-35,2,Moderate
U02209,vmitchell,24,Male,eric25@yahoo.com,18-25,1,Single-course
U02210,yvonnemcguire,33,Male,jessica81@yahoo.com,26-35,1,Single-course
U02211,ericreynolds,23,Male,pcole@yahoo.com,18-25,1,Single-course
U02212,jeffrey00,33,Male,wilsoncrystal@yahoo.com,26-35,15,Highly Active
U02213,walterwalker,17,Male,carolineoconnell@hotmail.com,<18,1,Single-course
U02214,prestonerik,20,Female,hubbarderic@yahoo.com,18-25,4,Moderate
U02215,robertsonjessica,32,Male,xferguson@hotmail.com,26-35,11,Highly Active
U02216,garciamitchell,26,Female,robert46@yahoo.com,26-35,2,Moderate
U02217,williamsmichael,21,Male,ygarcia@hotmail.com,18-25,14,Highly Active
U02218,duffymegan,17,Male,tammy52@outlook.com,<18,1,Single-course
U02219,benjaminsmith,29,Male,megan60@yahoo.com,26-35,1,Single-course
U02220,kathyrobertson,30,Male,jonessarah@yahoo.com,26-35,1,Single-course
U02221,christopher46,19,Female,pmcdowell@hotmail.com,18-25,1,Single-course
U02222,pamelajones,23,Male,brandy63@yahoo.com,18-25,1,Single-course
U02223,wardapril,22,Female,westdana@hotmail.com,18-25,1,Single-course
U02224,mbowman,18,Female,jamieclark@hotmail.com,18-25,13,Highly Active
U02225,michaelgriffin,33,Female,wjones@hotmail.com,26-35,2,Moderate
U02226,gjones,20,Female,xwatkins@hotmail.com,18-25,2,Moderate
U02227,tranrobert,21,Female,nicole94@outlook.com,18-25,1,Single-course
U02228,mwheeler,19,Male,eduncan@outlook.com,18-25,2,Moderate
U02229,rosejessica,34,Female,harrisdebra@yahoo.com,26-35,2,Moderate
U02230,josephgonzalez,32,Female,ashley10@gmail.com,26-35,1,Single-course
U02231,josephwilliams,20,Male,qfields@hotmail.com,18-25,13,Highly Active
U02232,emanning,26,Female,dbond@gmail.com,26-35,1,Single-course
U02233,richardpadilla,28,Male,zsmith@outlook.com,26-35,2,Moderate
U02234,toddrodriguez,31,Female,sean23@hotmail.com,26-35,1,Single-course
U02235,micheal11,15,Female,melissa00@gmail.com,<18,2,Moderate
U02236,ule,24,Female,brownlacey@gmail.com,18-25,1,Single-course
U02237,joshua94,16,Male,sfrank@gmail.com,<18,1,Single-course
U02238,perezmisty,19,Female,thomaschandler@yahoo.com,18-25,1,Single-course
U02239,carriefisher,25,Female,meghan28@gmail.com,18-25,1,Single-course
U02240,hendersonbrandi,33,Female,boydadam@yahoo.com,26-35,1,Single-course
U02241,jesseroach,29,Male,molinasteven@yahoo.com,26-35,2,Moderate
U02242,garcialinda,29,Female,tonyacunningham@gmail.com,26-35,1,Single-course
U02243,garrettconley,16,Female,fsingh@outlook.com,<18,1,Single-course
U02244,jacksonelizabeth,34,Male,kathleen62@outlook.com,26-35,1,Single-course
U02245,jessicarichardson,22,Male,kgriffin@outlook.com,18-25,1,Single-course
U02246,brittneyyoung,15,Female,asilva@hotmail.com,<18,1,Single-course
U02247,ejohnson,15,Female,ajordan@yahoo.com,<18,1,Single-course
U02248,meganvasquez,29,Male,crossashley@outlook.com,26-35,14,Highly Active
U02249,fowlerkimberly,25,Female,jacksonryan@hotmail.com,18-25,2,Moderate
U02250,cherylwheeler,19,Female,angelavaughn@hotmail.com,18-25,13,Highly Active
U02251,alexandrajones,35,Male,xnelson@gmail.com,26-35,1,Single-course
U02252,jalexander,29,Female,james91@hotmail.com,26-35,2,Moderate
U02253,lisa45,22,Female,williamsdavid@gmail.com,18-25,1,Single-course
U02254,matthewjackson,17,Female,ronaldtaylor@gmail.com,<18,15,Highly Active
U02255,christopher80,18,Female,john03@gmail.com,18-25,2,Moderate
U02256,shardin,16,Female,johnsonjeff@hotmail.com,<18,1,Single-course
U02257,mariecastillo,19,Female,jamesrogers@hotmail.com,18-25,1,Single-course
U02258,gordonjulie,21,Male,ismith@hotmail.com,18-25,16,Highly Active
U02259,barbaramccoy,32,Female,toddnelson@gmail.com,26-35,2,Moderate
U02260,oevans,16,Female,nunezashley@yahoo.com,<18,1,Single-course
U02261,lawrence64,26,Male,wilsonheather@yahoo.com,26-35,1,Single-course
U02262,lindamartinez,31,Female,thomas31@gmail.com,26-35,3,Moderate
U02263,rick09,29,Female,stricklandshelia@yahoo.com,26-35,1,Single-course
U02264,hannahstewart,28,Female,jonathan91@yahoo.com,26-35,2,Moderate
U02265,anne55,33,Male,jennifer40@yahoo.com,26-35,2,Moderate
U02266,holly07,21,Male,bblair@gmail.com,18-25,1,Single-course
U02267,vgilmore,19,Male,johnsonmelissa@outlook.com,18-25,1,Single-course
U02268,jessicajohnson,29,Female,edwardsjudy@gmail.com,26-35,2,Moderate
U02269,ashley22,32,Male,ejohnson@outlook.com,26-35,1,Single-course
U02270,middletonjames,21,Male,jreed@hotmail.com,18-25,3,Moderate
U02271,martinezmichelle,20,Male,madisongriffin@yahoo.com,18-25,2,Moderate
U02272,gregory53,23,Female,hardylaura@outlook.com,18-25,1,Single-course
U02273,timothy26,28,Male,wturner@gmail.com,26-35,1,Single-course
U02274,jenna07,16,Male,victoria09@hotmail.com,<18,2,Moderate
U02275,lrobinson,23,Female,lrios@outlook.com,18-25,2,Moderate
U02276,joseph36,34,Female,ywaters@outlook.com,26-35,1,Single-course
U02277,ljones,28,Male,kenneth59@gmail.com,26-35,1,Single-course
U02278,reneecurry,20,Male,fryjennifer@outlook.com,18-25,1,Single-course
U02279,nmcdonald,29,Female,lisa39@gmail.com,26-35,1,Single-course
U02280,timothywalker,26,Female,kcannon@gmail.com,26-35,2,Moderate
U02281,zdavid,34,Male,carolynchan@outlook.com,26-35,1,Single-course
U02282,xwalsh,25,Female,amy33@outlook.com,18-25,1,Single-course
U02283,kristi24,16,Male,jesse44@hotmail.com,<18,1,Single-course
U02284,tylerjessica,28,Male,terrychristopher@yahoo.com,26-35,13,Highly Active
U02285,garciaeric,28,Female,lauralawrence@hotmail.com,26-35,2,Moderate
U02286,erin17,32,Female,rodney02@outlook.com,26-35,1,Single-course
U02287,stonedana,22,Male,mitchell70@outlook.com,18-25,1,Single-course
U02288,hvega,32,Female,danwebb@hotmail.com,26-35,15,Highly Active
U02289,vanessa26,15,Male,richard84@gmail.com,<18,1,Single-course
U02290,jennifer26,25,Male,smithlori@outlook.com,18-25,15,Highly Active
U02291,shelleypeters,31,Female,amy97@hotmail.com,26-35,2,Moderate
U02292,michelle07,30,Male,williamsandrea@gmail.com,26-35,1,Single-course
U02293,susan33,30,Female,cunninghambrian@hotmail.com,26-35,1,Single-course
U02294,richardmathews,26,Male,boyermelissa@hotmail.com,26-35,1,Single-course
U02295,karen59,33,Male,bishopjohn@yahoo.com,26-35,1,Single-course
U02296,markruiz,27,Female,jasonmacias@hotmail.com,26-35,1,Single-course
U02297,nicholas54,28,Male,donaldnelson@outlook.com,26-35,1,Single-course
U02298,william10,22,Female,inichols@hotmail.com,18-25,1,Single-course
U02299,millstodd,35,Female,jessica19@yahoo.com,26-35,2,Moderate
U02300,mccluremary,35,Male,john38@gmail.com,26-35,15,Highly Active
U02301,mary05,18,Female,sjohnson@hotmail.com,18-25,13,Highly Active
U02302,adamsheather,30,Male,erica01@hotmail.com,26-35,2,Moderate
U02303,dave44,34,Male,dmiller@hotmail.com,26-35,1,Single-course
U02304,tracy30,21,Male,lisaallen@hotmail.com,18-25,1,Single-course
U02305,hlee,19,Female,meyerchristopher@hotmail.com,18-25,1,Single-course
U02306,elane,18,Female,vanessa85@gmail.com,18-25,13,Highly Active
U02307,fieldsbarbara,22,Male,tanya86@gmail.com,18-25,1,Single-course
U02308,farrellfaith,15,Female,mcmahonpaul@hotmail.com,<18,1,Single-course
U02309,butlerjohn,23,Female,jimenezgina@hotmail.com,18-25,3,Moderate
U02310,alexandernichols,15,Male,cindyjones@gmail.com,<18,1,Single-course
U02311,marshallderek,23,Female,usingh@yahoo.com,18-25,3,Moderate
U02312,andrewwallace,28,Male,carlosmiller@yahoo.com,26-35,1,Single-course
U02313,fmccullough,24,Female,greerlindsay@gmail.com,18-25,1,Single-course
U02314,weaverkimberly,29,Male,williamsalison@gmail.com,26-35,1,Single-course
U02315,marissawright,34,Male,timothy02@gmail.com,26-35,14,Highly Active
U02316,ryanjones,31,Female,jesse37@outlook.com,26-35,2,Moderate
U02317,ashleyjefferson,18,Male,marypeterson@yahoo.com,18-25,2,Moderate
U02318,kaylaedwards,24,Female,bryan70@gmail.com,18-25,1,Single-course
U02319,zstokes,24,Female,sgordon@yahoo.com,18-25,1,Single-course
U02320,warrennicole,17,Male,sanchezjason@outlook.com,<18,3,Moderate
U02321,bberger,26,Female,johnstonkimberly@yahoo.com,26-35,2,Moderate
U02322,alexander51,28,Female,alex67@gmail.com,26-35,1,Single-course
U02323,rrodriguez,29,Female,mark56@gmail.com,26-35,1,Single-course
U02324,destiny85,34,Female,jimenezgregory@hotmail.com,26-35,3,Moderate
U02325,charles25,15,Male,gcarney@hotmail.com,<18,1,Single-course
U02326,laurenmartinez,32,Male,brianpierce@hotmail.com,26-35,2,Moderate
U02327,richard59,29,Male,psavage@outlook.com,26-35,1,Single-course
U02328,wmorris,22,Female,katherinemason@gmail.com,18-25,3,Moderate
U02329,julie53,35,Male,dpowell@outlook.com,26-35,1,Single-course
U02330,grace46,29,Female,jeremy44@outlook.com,26-35,1,Single-course
U02331,xschwartz,25,Female,yfuller@hotmail.com,18-25,2,Moderate
U02332,griffinjon,23,Male,johnsonashley@hotmail.com,18-25,2,Moderate
U02333,heatherwilcox,32,Female,theresa63@outlook.com,26-35,3,Moderate
U02334,qcooper,23,Female,xcoleman@hotmail.com,18-25,2,Moderate
U02335,bbean,25,Female,rfloyd@gmail.com,18-25,1,Single-course
U02336,xjones,17,Female,kylerodriguez@yahoo.com,<18,14,Highly Active
U02337,zunigacassandra,18,Female,david03@gmail.com,18-25,13,Highly Active
U02338,cobbkatherine,29,Female,brenda04@yahoo.com,26-35,1,Single-course
U02339,jacobsonpatrick,33,Female,alexandrawalker@gmail.com,26-35,1,Single-course
U02340,christineyates,20,Male,carnold@outlook.com,18-25,2,Moderate
U02341,jonathangarcia,17,Male,jamesryan@gmail.com,<18,13,Highly Active
U02342,djenkins,21,Male,gomezelizabeth@outlook.com,18-25,2,Moderate
U02343,sarah37,29,Male,jonesbeth@outlook.com,26-35,4,Moderate
U02344,william94,26,Male,andrewwhite@yahoo.com,26-35,14,Highly Active
U02345,sherrylambert,31,Male,rvega@gmail.com,26-35,13,Highly Active
U02346,mistychan,34,Male,fernando37@hotmail.com,26-35,1,Single-course
U02347,maryterry,27,Male,misty50@gmail.com,26-35,1,Single-course
U02348,sarahdean,20,Male,richardsonnicholas@yahoo.com,18-25,1,Single-course
U02349,hmcguire,27,Male,jennifersanchez@gmail.com,26-35,14,Highly Active
U02350,matthew42,31,Female,melinda98@outlook.com,26-35,2,Moderate
U02351,cindyking,22,Female,colleen26@hotmail.com,18-25,2,Moderate
U02352,atkinslisa,30,Female,powellsean@gmail.com,26-35,3,Moderate
U02353,zleonard,16,Male,ialvarez@gmail.com,<18,1,Single-course
U02354,melinda15,29,Female,allison85@outlook.com,26-35,1,Single-course
U02355,kathryn89,32,Female,eileenmason@hotmail.com,26-35,1,Single-course
U02356,wjimenez,35,Male,stevencampbell@gmail.com,26-35,1,Single-course
U02357,tanya99,28,Female,malloryturner@yahoo.com,26-35,2,Moderate
U02358,cruzzachary,22,Male,palmerwhitney@yahoo.com,18-25,4,Moderate
U02359,martinstacey,32,Female,singhlisa@yahoo.com,26-35,2,Moderate
U02360,martin48,18,Female,william32@hotmail.com,18-25,1,Single-course
U02361,timothyperez,26,Female,jennifer23@hotmail.com,26-35,2,Moderate
U02362,julie09,33,Female,christopher48@hotmail.com,26-35,1,Single-course
U02363,lisaschmidt,15,Male,madeline47@yahoo.com,<18,1,Single-course
U02364,andrewjackson,29,Female,john07@outlook.com,26-35,1,Single-course
U02365,nstanton,34,Female,vancefrank@yahoo.com,26-35,1,Single-course
U02366,willierichardson,19,Female,hector56@yahoo.com,18-25,1,Single-course
U02367,ccooper,25,Male,carterkristina@hotmail.com,18-25,1,Single-course
U02368,amanda92,31,Male,kbarnes@yahoo.com,26-35,4,Moderate
U02369,jennifer31,16,Male,jonathanjenkins@yahoo.com,<18,2,Moderate
U02370,zray,24,Male,curtiswendy@gmail.com,18-25,14,Highly Active
U02371,nicole03,34,Female,vellis@gmail.com,26-35,12,Highly Active
U02372,kevinmunoz,35,Male,travislewis@outlook.com,26-35,3,Moderate
U02373,tommymiller,22,Male,robert31@gmail.com,18-25,2,Moderate
U02374,herreradavid,22,Male,chadtrujillo@gmail.com,18-25,3,Moderate
U02375,jamesvelazquez,33,Female,loriolson@yahoo.com,26-35,1,Single-course
U02376,sharon88,19,Female,qshaffer@gmail.com,18-25,1,Single-course
U02377,cnavarro,35,Male,kristinhines@gmail.com,26-35,2,Moderate
U02378,kevin20,23,Male,michaelbruce@hotmail.com,18-25,1,Single-course
U02379,billydonovan,20,Male,williamstracy@outlook.com,18-25,2,Moderate
U02380,stephenyoung,24,Female,codyperez@outlook.com,18-25,3,Moderate
U02381,hhale,31,Female,anthonyorr@yahoo.com,26-35,1,Single-course
U02382,tiffany23,32,Male,torreschristopher@gmail.com,26-35,1,Single-course
U02383,ewilson,21,Male,oarmstrong@gmail.com,18-25,1,Single-course
U02384,oliverlori,22,Male,cochranjason@gmail.com,18-25,3,Moderate
U02385,laurasullivan,30,Male,anna98@hotmail.com,26-35,1,Single-course
U02386,anna29,35,Male,smithkim@hotmail.com,26-35,4,Moderate
U02387,jacobhall,31,Male,vmcbride@yahoo.com,26-35,1,Single-course
U02388,donald35,23,Male,austin14@hotmail.com,18-25,1,Single-course
U02389,edward86,33,Male,uperry@hotmail.com,26-35,2,Moderate
U02390,jmurphy,28,Female,brooksjames@hotmail.com,26-35,2,Moderate
U02391,tinathomas,20,Female,jonathanwagner@outlook.com,18-25,1,Single-course
U02392,jacobsonjason,21,Male,kjordan@hotmail.com,18-25,2,Moderate
U02393,angela68,18,Male,daniel11@outlook.com,18-25,1,Single-course
U02394,edwardscolton,35,Male,hicksbrian@outlook.com,26-35,1,Single-course
U02395,bcox,32,Female,lrobles@outlook.com,26-35,3,Moderate
U02396,jody90,16,Female,vhanson@gmail.com,<18,1,Single-course
U02397,qalvarado,22,Male,campbellmichelle@gmail.com,18-25,1,Single-course
U02398,richardsonstephen,26,Female,qwalters@hotmail.com,26-35,2,Moderate
U02399,johnnunez,22,Male,okirk@hotmail.com,18-25,1,Single-course
U02400,rodriguezanthony,17,Male,jenniferwolf@hotmail.com,<18,1,Single-course
U02401,bturner,28,Male,marshallsuzanne@outlook.com,26-35,1,Single-course
U02402,taylor51,19,Female,pricevictor@outlook.com,18-25,1,Single-course
U02403,rivasamanda,18,Female,cclark@hotmail.com,18-25,1,Single-course
U02404,nmoreno,28,Male,dylan47@hotmail.com,26-35,2,Moderate
U02405,brooksmichael,25,Female,kavila@yahoo.com,18-25,1,Single-course
U02406,stoutjames,23,Female,combsjeffrey@gmail.com,18-25,2,Moderate
U02407,narroyo,27,Male,sandra79@outlook.com,26-35,2,Moderate
U02408,ynixon,34,Female,bbrown@hotmail.com,26-35,1,Single-course
U02409,catherine06,24,Female,rachelclark@yahoo.com,18-25,1,Single-course
U02410,vblackburn,18,Male,sandra06@yahoo.com,18-25,12,Highly Active
U02411,swansonjose,31,Female,ybutler@yahoo.com,26-35,1,Single-course
U02412,kirbycharles,15,Female,robin34@hotmail.com,<18,1,Single-course
U02413,umata,25,Male,angela36@gmail.com,18-25,2,Moderate
U02414,jessica21,21,Male,reneeperez@yahoo.com,18-25,3,Moderate
U02415,matthewchaney,33,Male,angela30@hotmail.com,26-35,11,Highly Active
U02416,jessica99,24,Female,allenrodriguez@yahoo.com,18-25,1,Single-course
U02417,leslienolan,34,Female,broth@yahoo.com,26-35,1,Single-course
U02418,carrollmartin,23,Male,randysanchez@yahoo.com,18-25,1,Single-course
U02419,ujones,17,Female,wilsonmark@gmail.com,<18,1,Single-course
U02420,valdezbarbara,20,Female,canthony@gmail.com,18-25,1,Single-course
U02421,brownsteven,15,Female,hramos@hotmail.com,<18,1,Single-course
U02422,bridgetrivera,21,Female,vanessawhitehead@hotmail.com,18-25,1,Single-course
U02423,bassemily,32,Female,nswanson@hotmail.com,26-35,2,Moderate
U02424,chadcollins,31,Female,qbauer@yahoo.com,26-35,1,Single-course
U02425,brittany68,24,Female,woodsjordan@outlook.com,18-25,2,Moderate
U02426,lindamiller,19,Female,julie78@outlook.com,18-25,1,Single-course
U02427,vincent89,31,Female,lorihernandez@hotmail.com,26-35,15,Highly Active
U02428,buckandrea,30,Male,emmacarr@yahoo.com,26-35,2,Moderate
U02429,kylie71,30,Female,johnmorales@gmail.com,26-35,3,Moderate
U02430,brianhunter,29,Male,ramirezchristine@outlook.com,26-35,1,Single-course
U02431,jamesturner,16,Male,phillipblack@yahoo.com,<18,1,Single-course
U02432,gyoung,30,Female,bgonzalez@outlook.com,26-35,15,Highly Active
U02433,snowjoseph,15,Female,lisa03@yahoo.com,<18,1,Single-course
U02434,mooremathew,31,Male,john15@yahoo.com,26-35,1,Single-course
U02435,destiny40,17,Male,veronica90@gmail.com,<18,1,Single-course
U02436,janet40,16,Male,brownpatty@outlook.com,<18,3,Moderate
U02437,trevortorres,15,Male,jamie99@gmail.com,<18,1,Single-course
U02438,millersandra,28,Female,daniel65@gmail.com,26-35,1,Single-course
U02439,stokestiffany,22,Female,longlisa@gmail.com,18-25,1,Single-course
U02440,foxleah,26,Female,clarkfrancisco@hotmail.com,26-35,1,Single-course
U02441,rebekahtate,33,Male,donaldmorton@hotmail.com,26-35,1,Single-course
U02442,madisonmoore,23,Male,boothjames@hotmail.com,18-25,1,Single-course
U02443,jeremy50,22,Female,warnermichael@gmail.com,18-25,2,Moderate
U02444,karen32,28,Female,donaldlucas@gmail.com,26-35,1,Single-course
U02445,smithtyler,26,Female,jessica44@gmail.com,26-35,14,Highly Active
U02446,frankrobinson,29,Male,kristinyu@outlook.com,26-35,2,Moderate
U02447,johnsmith,31,Female,chelseagriffith@gmail.com,26-35,1,Single-course
U02448,bendertrevor,17,Male,whiteryan@outlook.com,<18,2,Moderate
U02449,sandraunderwood,32,Male,ymarquez@gmail.com,26-35,1,Single-course
U02450,kendrakirk,30,Female,michellewalker@yahoo.com,26-35,1,Single-course
U02451,vrivera,31,Male,katiespencer@hotmail.com,26-35,2,Moderate
U02452,sarah62,23,Female,jacobgarner@yahoo.com,18-25,2,Moderate
U02453,mharris,29,Female,zking@outlook.com,26-35,1,Single-course
U02454,chelseabeck,28,Male,eallen@outlook.com,26-35,2,Moderate
U02455,thompsonchristopher,34,Male,ronaldkaiser@outlook.com,26-35,1,Single-course
U02456,tristanwood,35,Male,jacobsonpeter@gmail.com,26-35,1,Single-course
U02457,melindahill,31,Female,icervantes@gmail.com,26-35,1,Single-course
U02458,ushelton,26,Female,bensontracey@yahoo.com,26-35,2,Moderate
U02459,ayersmartha,33,Male,sharonsilva@yahoo.com,26-35,12,Highly Active
U02460,reyesashley,21,Female,jasonsnyder@gmail.com,18-25,1,Single-course
U02461,krystal97,15,Female,beckerrussell@hotmail.com,<18,2,Moderate
U02462,martinezmegan,26,Male,omiller@yahoo.com,26-35,1,Single-course
U02463,trujillocory,29,Male,kristincisneros@yahoo.com,26-35,1,Single-course
U02464,wendy76,21,Female,timothyreilly@outlook.com,18-25,1,Single-course
U02465,umccormick,27,Male,danielkelly@hotmail.com,26-35,2,Moderate
U02466,paul83,23,Male,morrisshelby@outlook.com,18-25,4,Moderate
U02467,careyroger,19,Male,justinchen@hotmail.com,18-25,1,Single-course
U02468,morriscrystal,29,Female,odombrian@gmail.com,26-35,3,Moderate
U02469,tiffany70,21,Male,jonespaul@gmail.com,18-25,2,Moderate
U02470,jillhaynes,34,Male,josephwalker@outlook.com,26-35,13,Highly Active
U02471,kelly63,16,Female,jose38@outlook.com,<18,1,Single-course
U02472,tina16,17,Male,forbeskatie@yahoo.com,<18,1,Single-course
U02473,angela83,31,Female,scardenas@outlook.com,26-35,1,Single-course
U02474,prodriguez,27,Male,phicks@yahoo.com,26-35,1,Single-course
U02475,wilsoncynthia,35,Male,zchavez@hotmail.com,26-35,1,Single-course
U02476,wfigueroa,34,Female,reyeskaylee@gmail.com,26-35,1,Single-course
U02477,ryanrobin,17,Male,dunnangelica@gmail.com,<18,1,Single-course
U02478,ryan22,30,Male,carrillodawn@outlook.com,26-35,2,Moderate
U02479,scottadams,19,Female,matakimberly@gmail.com,18-25,4,Moderate
U02480,walshjerry,35,Male,bill47@yahoo.com,26-35,1,Single-course
U02481,steven03,29,Male,teresa68@gmail.com,26-35,1,Single-course
U02482,jenniferharris,35,Male,amyperez@hotmail.com,26-35,2,Moderate
U02483,nicole09,25,Male,ahuang@hotmail.com,18-25,1,Single-course
U02484,newmanangela,25,Female,sarahburnett@gmail.com,18-25,4,Moderate
U02485,christopherstevenson,22,Male,cnavarro@hotmail.com,18-25,14,Highly Active
U02486,browntonya,29,Male,susan38@outlook.com,26-35,2,Moderate
U02487,glivingston,23,Male,brittany60@hotmail.com,18-25,1,Single-course
U02488,daniellealexander,27,Female,mcclurejames@outlook.com,26-35,1,Single-course
U02489,thompsonanne,18,Male,zwright@gmail.com,18-25,1,Single-course
U02490,xmoore,24,Female,richardbrown@yahoo.com,18-25,13,Highly Active
U02491,jameschristensen,17,Female,leekathleen@gmail.com,<18,1,Single-course
U02492,courtneytyler,19,Male,brandynorris@hotmail.com,18-25,1,Single-course
U02493,heatherwebster,22,Female,riverastanley@outlook.com,18-25,1,Single-course
U02494,cory11,32,Male,othomas@yahoo.com,26-35,1,Single-course
U02495,bdavis,28,Male,natalie97@gmail.com,26-35,2,Moderate
U02496,luke25,33,Female,raven54@gmail.com,26-35,1,Single-course
U02497,margaret73,26,Female,rushshawn@outlook.com,26-35,2,Moderate
U02498,dylan64,20,Female,qcollins@hotmail.com,18-25,1,Single-course
U02499,farrellkeith,28,Male,mcclaindana@yahoo.com,26-35,1,Single-course
U02500,brett07,29,Male,stephaniejohnson@hotmail.com,26-35,1,Single-course
U02501,ggrant,16,Female,brent60@outlook.com,<18,1,Single-course
U02502,marie50,16,Female,dianeowen@yahoo.com,<18,1,Single-course
U02503,nholt,16,Female,robert11@gmail.com,<18,2,Moderate
U02504,omoon,34,Female,gbaldwin@yahoo.com,26-35,4,Moderate
U02505,kristieharris,35,Female,lisa70@hotmail.com,26-35,1,Single-course
U02506,jasongriffin,16,Female,hendersonmichael@gmail.com,<18,1,Single-course
U02507,millerlindsay,32,Female,rossseth@gmail.com,26-35,1,Single-course
U02508,athomas,32,Male,rbailey@yahoo.com,26-35,1,Single-course
U02509,robert07,24,Male,greencheryl@hotmail.com,18-25,3,Moderate
U02510,pamela57,23,Male,bernardmorgan@hotmail.com,18-25,2,Moderate
U02511,vasquezmichael,30,Female,abates@hotmail.com,26-35,1,Single-course
U02512,qruiz,15,Female,klineelizabeth@yahoo.com,<18,14,Highly Active
U02513,thompsonmegan,23,Male,iferguson@yahoo.com,18-25,1,Single-course
U02514,brendan22,17,Male,william83@yahoo.com,<18,2,Moderate
U02515,nicole11,15,Male,theresawilliams@gmail.com,<18,11,Highly Active
U02516,gpatrick,32,Male,rbarnes@yahoo.com,26-35,1,Single-course
U02517,brenda54,30,Female,kevinhill@yahoo.com,26-35,2,Moderate
U02518,jgonzales,19,Female,tranrodney@outlook.com,18-25,1,Single-course
U02519,christina77,29,Male,vpeters@hotmail.com,26-35,2,Moderate
U02520,stephanie87,29,Male,racheljohnson@yahoo.com,26-35,1,Single-course
U02521,virginiamckee,25,Male,danielvasquez@hotmail.com,18-25,4,Moderate
U02522,lrobles,21,Female,kevinwilson@outlook.com,18-25,1,Single-course
U02523,brookscarrie,31,Male,paulcarey@outlook.com,26-35,1,Single-course
U02524,gloriarollins,32,Male,camposmaria@gmail.com,26-35,1,Single-course
U02525,thomasjulie,25,Male,johnsonjared@outlook.com,18-25,1,Single-course
U02526,maria48,30,Female,floydchad@gmail.com,26-35,2,Moderate
U02527,coleroy,32,Female,stacyhill@yahoo.com,26-35,1,Single-course
U02528,robert60,35,Male,aaronbishop@outlook.com,26-35,1,Single-course
U02529,dunnamy,17,Female,carpentercourtney@outlook.com,<18,3,Moderate
U02530,jblanchard,21,Male,dana90@outlook.com,18-25,1,Single-course
U02531,mikemcmahon,22,Female,kayla45@hotmail.com,18-25,4,Moderate
U02532,haley17,26,Male,adam37@outlook.com,26-35,1,Single-course
U02533,alan48,18,Female,patrick75@hotmail.com,18-25,1,Single-course
U02534,toddthomas,25,Female,brandon22@gmail.com,18-25,2,Moderate
U02535,scottwallace,26,Female,crystalwood@yahoo.com,26-35,2,Moderate
U02536,mark89,16,Male,jennifer15@gmail.com,<18,2,Moderate
U02537,patriciaherrera,31,Female,randerson@yahoo.com,26-35,12,Highly Active
U02538,ogregory,18,Male,meyerhenry@hotmail.com,18-25,1,Single-course
U02539,echristian,20,Female,ryan43@outlook.com,18-25,2,Moderate
U02540,dphillips,33,Female,amy41@gmail.com,26-35,15,Highly Active
U02541,rubiomichelle,18,Female,probinson@yahoo.com,18-25,13,Highly Active
U02542,zholloway,35,Female,castanedaryan@outlook.com,26-35,13,Highly Active
U02543,rayduncan,28,Male,dianamendoza@outlook.com,26-35,1,Single-course
U02544,omarhill,29,Male,laura10@outlook.com,26-35,1,Single-course
U02545,dianewebster,16,Female,urosales@outlook.com,<18,2,Moderate
U02546,smithamy,27,Female,ufrazier@yahoo.com,26-35,1,Single-course
U02547,ryanallen,30,Female,toliver@gmail.com,26-35,1,Single-course
U02548,stephenclark,25,Male,ctaylor@gmail.com,18-25,2,Moderate
U02549,andrewatkins,27,Male,annaroth@gmail.com,26-35,1,Single-course
U02550,rebeccajones,18,Male,belindaandrews@gmail.com,18-25,1,Single-course
U02551,schneidermary,25,Male,reillylee@yahoo.com,18-25,1,Single-course
U02552,donovandylan,27,Male,chambersrobert@yahoo.com,26-35,1,Single-course
U02553,richardmoreno,35,Female,elizabeth94@hotmail.com,26-35,2,Moderate
U02554,sandersmarcia,32,Male,philip02@outlook.com,26-35,1,Single-course
U02555,smithlauren,15,Male,charlestapia@hotmail.com,<18,1,Single-course
U02556,andersonraymond,18,Female,amy65@gmail.com,18-25,1,Single-course
U02557,heatherdurham,25,Female,elizabeth11@hotmail.com,18-25,1,Single-course
U02558,emily94,23,Female,bbowman@hotmail.com,18-25,4,Moderate
U02559,shermanryan,33,Female,april23@yahoo.com,26-35,1,Single-course
U02560,nicole69,22,Male,samantha87@outlook.com,18-25,1,Single-course
U02561,lewisbrian,33,Male,christinajohnson@gmail.com,26-35,1,Single-course
U02562,richardsonryan,18,Male,froberts@hotmail.com,18-25,4,Moderate
U02563,josephpatton,27,Male,cheyenneyoung@hotmail.com,26-35,1,Single-course
U02564,johnwallace,19,Female,nicoleperez@yahoo.com,18-25,13,Highly Active
U02565,hgibson,32,Male,kmay@gmail.com,26-35,1,Single-course
U02566,stevenbennett,30,Female,hayesbradley@outlook.com,26-35,14,Highly Active
U02567,jeremycunningham,35,Male,gchavez@hotmail.com,26-35,1,Single-course
U02568,parker04,33,Female,mjackson@gmail.com,26-35,2,Moderate
U02569,gomezjoseph,35,Female,natalie36@outlook.com,26-35,1,Single-course
U02570,jasonlopez,25,Female,taylorjohn@yahoo.com,18-25,1,Single-course
U02571,youngmarcus,20,Female,zwilliams@hotmail.com,18-25,1,Single-course
U02572,michaelrivera,33,Female,millermatthew@outlook.com,26-35,1,Single-course
U02573,christinaduncan,28,Female,williamsjessica@hotmail.com,26-35,1,Single-course
U02574,whitneyharris,24,Male,jeremy77@yahoo.com,18-25,1,Single-course
U02575,burtonjill,30,Female,aprilmiller@hotmail.com,26-35,2,Moderate
U02576,jlucas,17,Female,alicia11@outlook.com,<18,1,Single-course
U02577,wlogan,21,Female,dennissilva@yahoo.com,18-25,2,Moderate
U02578,dawnthomas,15,Male,dcarroll@outlook.com,<18,1,Single-course
U02579,john68,28,Female,edwardskayla@gmail.com,26-35,1,Single-course
U02580,schneidercourtney,17,Female,smithrebecca@gmail.com,<18,1,Single-course
U02581,aaronmitchell,22,Female,rwashington@yahoo.com,18-25,2,Moderate
U02582,denisefuller,23,Male,colontonya@gmail.com,18-25,15,Highly Active
U02583,benjamin13,33,Male,traceyromero@outlook.com,26-35,14,Highly Active
U02584,hobbstonya,20,Male,walkerandrea@outlook.com,18-25,2,Moderate
U02585,ashields,32,Male,weaverkatherine@outlook.com,26-35,2,Moderate
U02586,kbaker,23,Male,meganshea@hotmail.com,18-25,1,Single-course
U02587,sgonzales,30,Male,heather05@gmail.com,26-35,2,Moderate
U02588,amycortez,18,Male,stephanie24@outlook.com,18-25,1,Single-course
U02589,davidfrancis,26,Female,mercedessmith@yahoo.com,26-35,1,Single-course
U02590,michaelwilliams,20,Male,harrisonmatthew@gmail.com,18-25,2,Moderate
U02591,oberry,33,Male,catherinemalone@gmail.com,26-35,1,Single-course
U02592,gibbsbrian,15,Male,andreanewman@outlook.com,<18,2,Moderate
U02593,thunter,16,Male,uroberts@gmail.com,<18,12,Highly Active
U02594,dawn83,18,Female,jermaine63@hotmail.com,18-25,1,Single-course
U02595,jrogers,17,Male,aaron43@gmail.com,<18,1,Single-course
U02596,dickersoneugene,19,Female,kevinclements@hotmail.com,18-25,1,Single-course
U02597,tarnold,17,Female,samantha35@outlook.com,<18,2,Moderate
U02598,nicole35,25,Female,ericgallegos@outlook.com,18-25,1,Single-course
U02599,joel17,33,Female,zbrock@gmail.com,26-35,2,Moderate
U02600,howardpotter,17,Male,ngates@outlook.com,<18,3,Moderate
U02601,cabreradevin,19,Female,reiddaniel@hotmail.com,18-25,4,Moderate
U02602,mjohnson,33,Male,delacruzlori@gmail.com,26-35,13,Highly Active
U02603,fosterwilliam,31,Female,oholmes@hotmail.com,26-35,1,Single-course
U02604,ericaweaver,16,Male,nicholasmitchell@yahoo.com,<18,1,Single-course
U02605,leachkayla,22,Male,jhardin@outlook.com,18-25,12,Highly Active
U02606,phernandez,24,Male,ereeves@hotmail.com,18-25,1,Single-course
U02607,andrew44,22,Male,hunterjulie@yahoo.com,18-25,1,Single-course
U02608,tiffanylawrence,30,Male,swalsh@gmail.com,26-35,1,Single-course
U02609,robertwright,15,Male,aberger@outlook.com,<18,2,Moderate
U02610,zacharybooth,19,Male,mcmillanmarilyn@hotmail.com,18-25,1,Single-course
U02611,uschmidt,17,Female,arianayoung@outlook.com,<18,1,Single-course
U02612,acamacho,22,Male,meghanhart@outlook.com,18-25,14,Highly Active
U02613,josephsloan,23,Female,mcortez@hotmail.com,18-25,2,Moderate
U02614,caldwelljill,30,Female,pamelagutierrez@yahoo.com,26-35,13,Highly Active
U02615,valdezalyssa,33,Male,brockanna@hotmail.com,26-35,2,Moderate
U02616,shorn,19,Female,carly93@outlook.com,18-25,13,Highly Active
U02617,jameschristopher,23,Female,matthew88@hotmail.com,18-25,4,Moderate
U02618,shericrawford,23,Male,careyjeff@outlook.com,18-25,3,Moderate
U02619,jason86,24,Female,eross@gmail.com,18-25,1,Single-course
U02620,justinmurphy,30,Female,greenscott@hotmail.com,26-35,2,Moderate
U02621,psimon,34,Female,normanmatthew@yahoo.com,26-35,1,Single-course
U02622,michaelmartinez,32,Female,lindakramer@gmail.com,26-35,1,Single-course
U02623,elizabethallen,32,Female,pjohnson@gmail.com,26-35,11,Highly Active
U02624,rogersmichael,16,Female,alexis12@hotmail.com,<18,3,Moderate
U02625,gibsonanthony,22,Female,odomnicole@outlook.com,18-25,2,Moderate
U02626,katrina61,21,Female,larry61@hotmail.com,18-25,3,Moderate
U02627,sarah95,26,Female,vargaskimberly@hotmail.com,26-35,1,Single-course
U02628,oneillkyle,33,Female,bmiller@yahoo.com,26-35,1,Single-course
U02629,pateljennifer,35,Female,krausejeremy@hotmail.com,26-35,1,Single-course
U02630,ellenbruce,20,Male,khernandez@gmail.com,18-25,12,Highly Active
U02631,sandrawood,23,Male,brad59@yahoo.com,18-25,1,Single-course
U02632,eric72,22,Female,jacksonandrea@hotmail.com,18-25,1,Single-course
U02633,stephaniegray,19,Female,elizabethwilliams@outlook.com,18-25,14,Highly Active
U02634,tinaanderson,29,Female,paulaevans@yahoo.com,26-35,1,Single-course
U02635,amberjones,16,Male,erobertson@yahoo.com,<18,1,Single-course
U02636,jill35,20,Male,kelseycalderon@yahoo.com,18-25,1,Single-course
U02637,rosskevin,28,Male,kelliarnold@hotmail.com,26-35,2,Moderate
U02638,uherring,31,Female,markguerrero@hotmail.com,26-35,1,Single-course
U02639,hicksthomas,22,Female,levihudson@outlook.com,18-25,1,Single-course
U02640,denniswashington,34,Female,jason35@gmail.com,26-35,3,Moderate
U02641,moralesdaniel,30,Male,mitchellmiller@hotmail.com,26-35,1,Single-course
U02642,kleinamanda,33,Male,hpeck@hotmail.com,26-35,1,Single-course
U02643,christophersantana,17,Female,oward@gmail.com,<18,15,Highly Active
U02644,smithmelissa,23,Male,woodswilliam@yahoo.com,18-25,4,Moderate
U02645,walter34,26,Female,sonya03@hotmail.com,26-35,10,Highly Active
U02646,judygomez,26,Male,bishopcalvin@hotmail.com,26-35,2,Moderate
U02647,michael64,20,Female,ramoscarol@gmail.com,18-25,1,Single-course
U02648,walvarez,28,Female,kthomas@outlook.com,26-35,1,Single-course
U02649,geoffrey71,34,Female,gloria19@outlook.com,26-35,1,Single-course
U02650,jared54,29,Female,john08@hotmail.com,26-35,2,Moderate
U02651,blake28,16,Female,joshuaprice@outlook.com,<18,16,Highly Active
U02652,mcguiregabriel,15,Male,ohenry@yahoo.com,<18,1,Single-course
U02653,tiffanyolson,34,Male,rhamilton@yahoo.com,26-35,1,Single-course
U02654,ramirezmatthew,27,Male,sarah78@yahoo.com,26-35,1,Single-course
U02655,qschultz,32,Male,robertphillips@yahoo.com,26-35,1,Single-course
U02656,ysimpson,34,Female,wwallace@hotmail.com,26-35,1,Single-course
U02657,lambgregory,31,Male,cthompson@yahoo.com,26-35,1,Single-course
U02658,rivasbrian,30,Male,brian04@hotmail.com,26-35,3,Moderate
U02659,michael89,17,Male,rjones@outlook.com,<18,2,Moderate
U02660,charles20,31,Female,emilyrose@outlook.com,26-35,1,Single-course
U02661,darrenburgess,27,Male,barbaraford@yahoo.com,26-35,1,Single-course
U02662,pachecojames,32,Male,bryan94@hotmail.com,26-35,2,Moderate
U02663,coffeydennis,27,Female,jennifercurtis@outlook.com,26-35,14,Highly Active
U02664,andersonlaura,22,Female,johnhunt@hotmail.com,18-25,1,Single-course
U02665,williambriggs,21,Female,jacobgalloway@hotmail.com,18-25,1,Single-course
U02666,clarktyler,19,Male,darren92@outlook.com,18-25,1,Single-course
U02667,yhenderson,22,Female,joel60@gmail.com,18-25,1,Single-course
U02668,angelarodriguez,26,Male,mercadolarry@yahoo.com,26-35,3,Moderate
U02669,yangbrandon,25,Male,hlucas@gmail.com,18-25,2,Moderate
U02670,jessica48,25,Female,ycox@hotmail.com,18-25,1,Single-course
U02671,jeffreyharvey,15,Female,mindy36@yahoo.com,<18,1,Single-course
U02672,knightregina,32,Male,jamie07@hotmail.com,26-35,14,Highly Active
U02673,sheaamanda,19,Female,monica11@outlook.com,18-25,1,Single-course
U02674,mccarthynicholas,28,Female,jbell@hotmail.com,26-35,1,Single-course
U02675,christopher32,34,Female,heather66@yahoo.com,26-35,4,Moderate
U02676,williamskyle,15,Male,tonyasmith@yahoo.com,<18,1,Single-course
U02677,bakerchristina,33,Male,aadams@gmail.com,26-35,3,Moderate
U02678,karina24,19,Female,kelly18@outlook.com,18-25,1,Single-course
U02679,vlang,18,Male,tannerevan@hotmail.com,18-25,11,Highly Active
U02680,whaynes,19,Female,hendersonvictoria@yahoo.com,18-25,1,Single-course
U02681,fmorgan,33,Male,dannyrodriguez@yahoo.com,26-35,1,Single-course
U02682,keyjeremy,35,Female,jennifer28@gmail.com,26-35,1,Single-course
U02683,jake76,28,Male,jmayo@hotmail.com,26-35,15,Highly Active
U02684,kristen36,28,Male,barryburgess@gmail.com,26-35,14,Highly Active
U02685,yvettescott,27,Female,denisebowers@outlook.com,26-35,1,Single-course
U02686,brandon82,19,Female,kallen@yahoo.com,18-25,4,Moderate
U02687,riossierra,34,Male,zachary61@outlook.com,26-35,1,Single-course
U02688,kimberly14,26,Female,tdiaz@hotmail.com,26-35,1,Single-course
U02689,zgarcia,27,Male,patricia56@outlook.com,26-35,1,Single-course
U02690,nancy75,24,Male,hawkinsnichole@gmail.com,18-25,4,Moderate
U02691,william49,19,Female,willienelson@gmail.com,18-25,1,Single-course
U02692,castilloaaron,23,Male,andersonrobert@hotmail.com,18-25,3,Moderate
U02693,jperry,19,Male,kathleen56@outlook.com,18-25,1,Single-course
U02694,kellyemily,30,Female,dhart@yahoo.com,26-35,2,Moderate
U02695,fsmith,30,Male,wblair@yahoo.com,26-35,1,Single-course
U02696,ashley80,25,Female,bryan42@yahoo.com,18-25,2,Moderate
U02697,tracymosley,22,Female,yrowe@outlook.com,18-25,4,Moderate
U02698,gutierrezthomas,18,Female,brett67@gmail.com,18-25,12,Highly Active
U02699,kleinkenneth,16,Female,william50@hotmail.com,<18,1,Single-course
U02700,derrickdudley,18,Female,jacksonperry@outlook.com,18-25,1,Single-course
U02701,jessica75,23,Female,uoneal@gmail.com,18-25,4,Moderate
U02702,reginald61,15,Male,yolandavargas@yahoo.com,<18,2,Moderate
U02703,bonnie51,30,Male,danielrobinson@outlook.com,26-35,1,Single-course
U02704,bprice,23,Female,amber20@outlook.com,18-25,1,Single-course
U02705,mburns,31,Male,charlotterussell@gmail.com,26-35,2,Moderate
U02706,brittanygalvan,21,Female,inguyen@outlook.com,18-25,1,Single-course
U02707,ortizjulie,19,Female,dknight@gmail.com,18-25,1,Single-course
U02708,david95,25,Male,qmeyers@yahoo.com,18-25,1,Single-course
U02709,ginareeves,19,Female,natasha95@yahoo.com,18-25,12,Highly Active
U02710,morrowkyle,23,Female,joel24@outlook.com,18-25,1,Single-course
U02711,dustin11,20,Male,jacksonjessica@gmail.com,18-25,2,Moderate
U02712,lopezjessica,34,Female,lisa81@outlook.com,26-35,2,Moderate
U02713,hannah18,32,Female,cynthiaturner@hotmail.com,26-35,1,Single-course
U02714,breanna67,17,Male,john68@hotmail.com,<18,1,Single-course
U02715,ericfoster,22,Male,reginaldnguyen@hotmail.com,18-25,2,Moderate
U02716,fmclaughlin,27,Female,hjordan@outlook.com,26-35,2,Moderate
U02717,lmills,31,Male,grahamsean@yahoo.com,26-35,1,Single-course
U02718,dmorrison,27,Male,amanda08@hotmail.com,26-35,1,Single-course
U02719,oblair,29,Male,stephaniedavis@yahoo.com,26-35,1,Single-course
U02720,gsteele,22,Male,judy66@yahoo.com,18-25,1,Single-course
U02721,jcannon,26,Male,tnelson@hotmail.com,26-35,1,Single-course
U02722,nwillis,23,Female,jose22@gmail.com,18-25,1,Single-course
U02723,osmith,25,Female,karen62@yahoo.com,18-25,1,Single-course
U02724,michelle44,35,Male,wallaceelizabeth@hotmail.com,26-35,1,Single-course
U02725,brandon33,23,Male,matthew37@gmail.com,18-25,1,Single-course
U02726,hrush,25,Female,vmiller@gmail.com,18-25,4,Moderate
U02727,harrisjames,34,Male,brettvalencia@gmail.com,26-35,2,Moderate
U02728,adrian62,33,Female,xhorton@outlook.com,26-35,1,Single-course
U02729,thomasbutler,20,Male,jennifer91@outlook.com,18-25,1,Single-course
U02730,jameschan,27,Female,qknight@gmail.com,26-35,1,Single-course
U02731,ellenmills,26,Male,leachandrew@yahoo.com,26-35,1,Single-course
U02732,sean10,26,Male,garciatracy@yahoo.com,26-35,1,Single-course
U02733,lopezangela,31,Male,gonzalezelizabeth@gmail.com,26-35,14,Highly Active
U02734,tswanson,15,Female,jackcameron@outlook.com,<18,1,Single-course
U02735,mary88,34,Female,kmata@gmail.com,26-35,1,Single-course
U02736,chapmankaren,15,Male,vgreene@outlook.com,<18,1,Single-course
U02737,thomasbrittany,23,Male,gdavis@outlook.com,18-25,1,Single-course
U02738,adunn,16,Female,cbridges@yahoo.com,<18,1,Single-course
U02739,vbradley,15,Female,kdavis@gmail.com,<18,1,Single-course
U02740,rebeccaellis,31,Male,zcole@hotmail.com,26-35,1,Single-course
U02741,cameronvictor,18,Male,kimberlywilkins@outlook.com,18-25,1,Single-course
U02742,gregorymiller,25,Female,jrichard@hotmail.com,18-25,2,Moderate
U02743,khart,33,Male,rfowler@hotmail.com,26-35,14,Highly Active
U02744,marisaallen,24,Female,hboyd@hotmail.com,18-25,1,Single-course
U02745,gregory01,18,Female,smithtroy@gmail.com,18-25,1,Single-course
U02746,lindseypatrick,28,Male,stephen55@outlook.com,26-35,3,Moderate
U02747,atorres,30,Male,ihanson@gmail.com,26-35,3,Moderate
U02748,rgutierrez,27,Female,juliahull@hotmail.com,26-35,2,Moderate
U02749,josephkaren,30,Male,meltonmichael@gmail.com,26-35,2,Moderate
U02750,christyking,23,Female,gthompson@gmail.com,18-25,2,Moderate
U02751,russorenee,24,Female,shannon55@hotmail.com,18-25,1,Single-course
U02752,martineznancy,32,Female,zduran@gmail.com,26-35,1,Single-course
U02753,elittle,26,Female,tyleranderson@hotmail.com,26-35,1,Single-course
U02754,tannerwright,34,Male,zachary71@outlook.com,26-35,13,Highly Active
U02755,zlove,30,Female,vcrawford@hotmail.com,26-35,1,Single-course
U02756,hwhite,32,Female,taylorstephanie@gmail.com,26-35,2,Moderate
U02757,ralphjohnson,16,Male,vboone@yahoo.com,<18,1,Single-course
U02758,susan35,25,Female,oglenn@outlook.com,18-25,2,Moderate
U02759,egibbs,20,Female,kellyburton@gmail.com,18-25,2,Moderate
U02760,laura80,31,Male,andersonrobert@outlook.com,26-35,3,Moderate
U02761,nicholasrivera,31,Female,jameswallace@yahoo.com,26-35,4,Moderate
U02762,thomas14,21,Female,zobrien@hotmail.com,18-25,2,Moderate
U02763,hartemily,28,Male,kristen62@gmail.com,26-35,3,Moderate
U02764,james00,32,Male,martin08@yahoo.com,26-35,1,Single-course
U02765,benjamin95,21,Male,cherylmorgan@hotmail.com,18-25,1,Single-course
U02766,chapmanbrandon,19,Male,obenson@gmail.com,18-25,1,Single-course
U02767,cole39,31,Male,annetteruiz@yahoo.com,26-35,14,Highly Active
U02768,garciaandre,34,Female,hernandezrachel@hotmail.com,26-35,2,Moderate
U02769,kristinwhite,19,Male,angelalarsen@yahoo.com,18-25,3,Moderate
U02770,kimberlykeller,31,Male,mayomichael@outlook.com,26-35,14,Highly Active
U02771,courtney04,18,Female,christopher58@outlook.com,18-25,1,Single-course
U02772,zsosa,31,Male,aimee88@outlook.com,26-35,1,Single-course
U02773,edward26,26,Male,kristenhorton@outlook.com,26-35,1,Single-course
U02774,ccastillo,19,Male,rileydaisy@hotmail.com,18-25,1,Single-course
U02775,kimberly18,24,Female,harrischristina@outlook.com,18-25,12,Highly Active
U02776,rochageorge,20,Female,romerocynthia@outlook.com,18-25,2,Moderate
U02777,jill42,27,Male,diazrichard@yahoo.com,26-35,1,Single-course
U02778,karengutierrez,29,Male,cmendez@outlook.com,26-35,3,Moderate
U02779,michelle28,19,Female,anthonyblankenship@hotmail.com,18-25,3,Moderate
U02780,diana33,26,Female,smithjennifer@outlook.com,26-35,2,Moderate
U02781,lindsey05,24,Female,fclark@gmail.com,18-25,3,Moderate
U02782,scottferrell,25,Male,petersheidi@hotmail.com,18-25,1,Single-course
U02783,uharrington,30,Female,lesliewatson@gmail.com,26-35,1,Single-course
U02784,robrien,23,Male,mario05@yahoo.com,18-25,2,Moderate
U02785,sweeneyheather,25,Female,daniel86@outlook.com,18-25,1,Single-course
U02786,cburch,25,Male,mariemiller@gmail.com,18-25,12,Highly Active
U02787,uwilson,21,Male,michaelbaker@outlook.com,18-25,1,Single-course
U02788,kristinjones,20,Female,wbennett@gmail.com,18-25,12,Highly Active
U02789,erinpeters,21,Male,darlenesandoval@outlook.com,18-25,4,Moderate
U02790,isaac47,25,Male,rlawrence@yahoo.com,18-25,1,Single-course
U02791,williamsmonica,27,Male,gaustin@gmail.com,26-35,13,Highly Active
U02792,heidiliu,27,Female,xhunter@hotmail.com,26-35,14,Highly Active
U02793,kristen50,22,Female,joseph66@yahoo.com,18-25,14,Highly Active
U02794,ritasmith,33,Female,grussell@gmail.com,26-35,2,Moderate
U02795,stewartmichael,31,Male,lorettadunn@outlook.com,26-35,1,Single-course
U02796,sbrown,33,Male,jeffreyrodriguez@hotmail.com,26-35,1,Single-course
U02797,lori68,34,Male,roliver@outlook.com,26-35,1,Single-course
U02798,vjohnson,28,Female,vincent69@outlook.com,26-35,1,Single-course
U02799,tammymoore,17,Male,hannah11@gmail.com,<18,1,Single-course
U02800,peterforbes,34,Male,turnerdanielle@gmail.com,26-35,1,Single-course
U02801,benjamin14,15,Female,laneeric@outlook.com,<18,3,Moderate
U02802,david57,15,Female,zross@outlook.com,<18,1,Single-course
U02803,tpeterson,26,Male,laurayoung@yahoo.com,26-35,2,Moderate
U02804,rachel54,24,Male,ellisleslie@gmail.com,18-25,1,Single-course
U02805,thomasrice,16,Male,grahammelissa@outlook.com,<18,1,Single-course
U02806,melissaerickson,28,Male,jonesjean@yahoo.com,26-35,1,Single-course
U02807,perkinsjason,18,Female,miguel97@outlook.com,18-25,4,Moderate
U02808,jasonrush,35,Male,april05@hotmail.com,26-35,2,Moderate
U02809,kimberly35,32,Male,andrewssarah@hotmail.com,26-35,2,Moderate
U02810,colemantina,18,Female,apriljohnson@hotmail.com,18-25,1,Single-course
U02811,john38,21,Male,allentaylor@yahoo.com,18-25,1,Single-course
U02812,kellyjohn,17,Male,timothy51@gmail.com,<18,1,Single-course
U02813,jamestaylor,27,Male,davidward@yahoo.com,26-35,1,Single-course
U02814,brianlove,27,Female,holly35@gmail.com,26-35,2,Moderate
U02815,april19,15,Female,andrewjones@hotmail.com,<18,4,Moderate
U02816,bennettanthony,25,Male,csantana@outlook.com,18-25,1,Single-course
U02817,michelelara,33,Male,xcantu@yahoo.com,26-35,1,Single-course
U02818,tylerthomas,32,Male,jbarber@gmail.com,26-35,1,Single-course
U02819,cunninghamrichard,20,Female,penaangela@hotmail.com,18-25,2,Moderate
U02820,denise57,30,Male,brenda00@gmail.com,26-35,1,Single-course
U02821,johnsonnicole,27,Male,smithnicholas@yahoo.com,26-35,11,Highly Active
U02822,collin94,15,Male,idawson@yahoo.com,<18,1,Single-course
U02823,gregorymorris,31,Male,jgutierrez@yahoo.com,26-35,2,Moderate
U02824,juanromero,28,Female,lauriecalderon@yahoo.com,26-35,1,Single-course
U02825,davidford,34,Male,agonzales@gmail.com,26-35,13,Highly Active
U02826,wforbes,25,Male,charlesdillon@gmail.com,18-25,1,Single-course
U02827,samuelpalmer,17,Male,alicia21@gmail.com,<18,1,Single-course
U02828,nicole44,32,Female,heatherleonard@yahoo.com,26-35,2,Moderate
U02829,sjackson,19,Female,gibsonjoseph@yahoo.com,18-25,1,Single-course
U02830,matthewmata,34,Female,xmontgomery@outlook.com,26-35,1,Single-course
U02831,adam49,22,Female,lesliecarlson@outlook.com,18-25,1,Single-course
U02832,charlesdouglas,31,Male,nbrooks@hotmail.com,26-35,11,Highly Active
U02833,stephensdavid,21,Female,cervantesmitchell@hotmail.com,18-25,2,Moderate
U02834,michaelcruz,17,Male,downsjason@yahoo.com,<18,1,Single-course
U02835,eanderson,31,Male,eric44@hotmail.com,26-35,1,Single-course
U02836,loganmiller,17,Female,hillronald@hotmail.com,<18,1,Single-course
U02837,drakematthew,31,Male,john58@outlook.com,26-35,2,Moderate
U02838,qneal,35,Male,david01@yahoo.com,26-35,2,Moderate
U02839,danielreid,18,Female,travis74@gmail.com,18-25,4,Moderate
U02840,johnsonbenjamin,29,Female,tkim@yahoo.com,26-35,1,Single-course
U02841,walter01,27,Female,kevin87@gmail.com,26-35,1,Single-course
U02842,rogerwalter,20,Female,ihamilton@gmail.com,18-25,2,Moderate
U02843,juliafritz,26,Male,perryjuan@outlook.com,26-35,14,Highly Active
U02844,marc84,21,Female,wwilkins@hotmail.com,18-25,12,Highly Active
U02845,kfischer,22,Male,kennethsmith@gmail.com,18-25,1,Single-course
U02846,fburns,29,Female,fernandezshannon@yahoo.com,26-35,1,Single-course
U02847,joseph72,27,Male,melanierogers@hotmail.com,26-35,1,Single-course
U02848,tanya54,23,Male,tiffanymoore@gmail.com,18-25,1,Single-course
U02849,timothy20,31,Female,elizabeth28@yahoo.com,26-35,1,Single-course
U02850,umorales,25,Female,dgilbert@outlook.com,18-25,13,Highly Active
U02851,xreed,30,Male,bodonnell@hotmail.com,26-35,1,Single-course
U02852,chansen,23,Male,unelson@yahoo.com,18-25,1,Single-course
U02853,williamflores,25,Male,donna26@gmail.com,18-25,1,Single-course
U02854,amy04,28,Male,gregory38@yahoo.com,26-35,1,Single-course
U02855,knightmichael,18,Female,jamesmullins@yahoo.com,18-25,1,Single-course
U02856,isaacrobinson,19,Female,kvang@yahoo.com,18-25,1,Single-course
U02857,john46,35,Male,rnewman@hotmail.com,26-35,12,Highly Active
U02858,randywilliams,16,Female,aguilartheresa@gmail.com,<18,4,Moderate
U02859,michaelwalker,26,Female,morgan98@yahoo.com,26-35,2,Moderate
U02860,pelliott,17,Male,robinsonmichele@yahoo.com,<18,1,Single-course
U02861,jbaker,29,Male,ginakent@gmail.com,26-35,1,Single-course
U02862,michelle27,27,Male,vwilson@gmail.com,26-35,2,Moderate
U02863,pmckay,29,Male,robbinsdanielle@gmail.com,26-35,1,Single-course
U02864,robinsonjessica,25,Female,randywilliams@outlook.com,18-25,1,Single-course
U02865,tami37,35,Female,browningscott@yahoo.com,26-35,1,Single-course
U02866,tommydelgado,20,Male,csmith@hotmail.com,18-25,2,Moderate
U02867,arussell,19,Male,bryancarter@yahoo.com,18-25,2,Moderate
U02868,ryan81,25,Male,fpope@hotmail.com,18-25,2,Moderate
U02869,samanthaestrada,26,Female,jason22@gmail.com,26-35,1,Single-course
U02870,evansrachel,27,Male,briggscarrie@gmail.com,26-35,1,Single-course
U02871,jessica49,19,Female,daniel44@hotmail.com,18-25,1,Single-course
U02872,reesejennifer,21,Female,wodonnell@yahoo.com,18-25,2,Moderate
U02873,henrychristine,33,Female,qsmith@gmail.com,26-35,3,Moderate
U02874,utucker,32,Male,alexander29@hotmail.com,26-35,11,Highly Active
U02875,michaelscott,27,Female,qgreen@hotmail.com,26-35,1,Single-course
U02876,rothalexis,24,Female,fordtiffany@hotmail.com,18-25,1,Single-course
U02877,pattonmichael,28,Male,williamslauren@gmail.com,26-35,1,Single-course
U02878,palmeralexander,23,Male,ocrane@outlook.com,18-25,2,Moderate
U02879,keithcrawford,16,Female,wayne10@hotmail.com,<18,1,Single-course
U02880,martinezedward,21,Female,kelly25@hotmail.com,18-25,1,Single-course
U02881,uhobbs,27,Male,mwilson@yahoo.com,26-35,4,Moderate
U02882,fgarcia,33,Female,greenekelly@outlook.com,26-35,1,Single-course
U02883,karenshaffer,16,Female,diana66@hotmail.com,<18,12,Highly Active
U02884,vkent,31,Female,charlesalvarez@gmail.com,26-35,3,Moderate
U02885,cassandra14,22,Male,ufitzgerald@yahoo.com,18-25,3,Moderate
U02886,smithkim,35,Male,thomas70@yahoo.com,26-35,3,Moderate
U02887,jessicafields,30,Male,ktate@hotmail.com,26-35,4,Moderate
U02888,alynch,20,Male,pkaiser@yahoo.com,18-25,1,Single-course
U02889,gbenson,28,Female,davidgarcia@yahoo.com,26-35,1,Single-course
U02890,djackson,18,Male,ethansmith@yahoo.com,18-25,2,Moderate
U02891,ecarlson,27,Female,andrea65@hotmail.com,26-35,3,Moderate
U02892,bsullivan,26,Female,rubiorandy@gmail.com,26-35,1,Single-course
U02893,cheryl52,22,Male,gsosa@hotmail.com,18-25,1,Single-course
U02894,paula68,15,Female,jessica50@yahoo.com,<18,1,Single-course
U02895,nicole26,21,Female,robertmason@hotmail.com,18-25,2,Moderate
U02896,zacharycox,30,Male,william90@gmail.com,26-35,1,Single-course
U02897,kellyprice,27,Male,qchristian@outlook.com,26-35,1,Single-course
U02898,johnstonmary,22,Female,michelletaylor@gmail.com,18-25,4,Moderate
U02899,jennifersoto,28,Female,pamelapayne@yahoo.com,26-35,13,Highly Active
U02900,jimmyshaffer,35,Male,uirwin@yahoo.com,26-35,1,Single-course
U02901,halljeremiah,30,Male,lisabeasley@yahoo.com,26-35,1,Single-course
U02902,raymondnathan,27,Male,xstafford@gmail.com,26-35,2,Moderate
U02903,spenceralejandra,27,Male,pgonzalez@yahoo.com,26-35,1,Single-course
U02904,gonzalesteresa,18,Male,rebecca54@hotmail.com,18-25,1,Single-course
U02905,youngmatthew,27,Female,nelsonrebecca@yahoo.com,26-35,2,Moderate
U02906,angelalane,24,Male,yluna@gmail.com,18-25,3,Moderate
U02907,john64,17,Female,tmoore@outlook.com,<18,2,Moderate
U02908,ryan37,34,Male,shannonhahn@yahoo.com,26-35,1,Single-course
U02909,spowell,19,Female,moorejessica@gmail.com,18-25,14,Highly Active
U02910,kimberly62,35,Female,hreed@gmail.com,26-35,1,Single-course
U02911,grayjames,34,Female,comptonanne@gmail.com,26-35,1,Single-course
U02912,levi84,27,Male,upowell@outlook.com,26-35,2,Moderate
U02913,wilsonbarbara,22,Female,zyang@gmail.com,18-25,1,Single-course
U02914,ryanaguilar,31,Female,matthew68@gmail.com,26-35,2,Moderate
U02915,kimcurtis,33,Female,michaeltravis@outlook.com,26-35,14,Highly Active
U02916,shortscott,20,Male,michelleelliott@gmail.com,18-25,15,Highly Active
U02917,lorrainebryant,32,Female,zwilliams@outlook.com,26-35,1,Single-course
U02918,melissa07,19,Female,uhall@outlook.com,18-25,2,Moderate
U02919,margaretmendoza,25,Male,jonesmary@yahoo.com,18-25,1,Single-course
U02920,jenniferparker,17,Male,ncruz@outlook.com,<18,1,Single-course
U02921,martinezsusan,16,Female,danielsteven@outlook.com,<18,1,Single-course
U02922,kelliewaters,25,Male,michael84@yahoo.com,18-25,1,Single-course
U02923,zlloyd,27,Male,matthewjohnston@hotmail.com,26-35,3,Moderate
U02924,kathy70,21,Female,danielle92@gmail.com,18-25,1,Single-course
U02925,danielle01,18,Female,monroesheri@hotmail.com,18-25,4,Moderate
U02926,fletcherchad,24,Male,andrew63@yahoo.com,18-25,1,Single-course
U02927,shawfrancis,20,Male,pfernandez@yahoo.com,18-25,15,Highly Active
U02928,jose36,26,Male,lynn84@outlook.com,26-35,1,Single-course
U02929,rodriguezdaniel,16,Female,lisacastillo@outlook.com,<18,1,Single-course
U02930,richard82,26,Female,johnsonkelsey@gmail.com,26-35,1,Single-course
U02931,gutierreznicholas,28,Female,michaelgriffin@gmail.com,26-35,15,Highly Active
U02932,vwong,17,Female,novakmaureen@gmail.com,<18,1,Single-course
U02933,harristonya,34,Male,bakeralexander@outlook.com,26-35,1,Single-course
U02934,curtisgrant,29,Female,debragray@outlook.com,26-35,1,Single-course
U02935,ijames,25,Female,davidwagner@hotmail.com,18-25,2,Moderate
U02936,jenniferochoa,35,Female,ryanperez@gmail.com,26-35,2,Moderate
U02937,tylerbrown,23,Male,cynthia58@outlook.com,18-25,13,Highly Active
U02938,rbaldwin,28,Male,jennifer00@hotmail.com,26-35,1,Single-course
U02939,dunnandrea,18,Female,rhodesdawn@yahoo.com,18-25,1,Single-course
U02940,qnolan,18,Female,saraguzman@hotmail.com,18-25,3,Moderate
U02941,herreradanielle,22,Male,gibsonelizabeth@gmail.com,18-25,12,Highly Active
U02942,yolandavaldez,18,Male,ahubbard@gmail.com,18-25,3,Moderate
U02943,lhiggins,19,Female,wjones@yahoo.com,18-25,1,Single-course
U02944,tanderson,23,Female,sheilajensen@outlook.com,18-25,1,Single-course
U02945,lunaemily,23,Female,antonioriddle@yahoo.com,18-25,12,Highly Active
U02946,jenniferellis,18,Female,gloverraven@yahoo.com,18-25,1,Single-course
U02947,perezbrittany,18,Female,robin71@yahoo.com,18-25,11,Highly Active
U02948,ashleykirby,33,Male,zacharyhopkins@gmail.com,26-35,1,Single-course
U02949,wjordan,17,Female,hnorman@hotmail.com,<18,2,Moderate
U02950,wattschelsea,35,Male,phiggins@yahoo.com,26-35,4,Moderate
U02951,daniel62,28,Male,smack@hotmail.com,26-35,1,Single-course
U02952,nathan85,32,Male,victoriasmith@outlook.com,26-35,2,Moderate
U02953,hilljacob,21,Male,bdavis@hotmail.com,18-25,1,Single-course
U02954,debra50,35,Female,nathan26@outlook.com,26-35,2,Moderate
U02955,bryanaudrey,25,Male,edward99@gmail.com,18-25,1,Single-course
U02956,bryantgabriel,18,Male,juan31@gmail.com,18-25,2,Moderate
U02957,moralesjoseph,31,Male,michelle20@gmail.com,26-35,1,Single-course
U02958,pcross,33,Male,michelle70@gmail.com,26-35,12,Highly Active
U02959,huntererik,29,Male,keith88@hotmail.com,26-35,2,Moderate
U02960,smithbarry,24,Male,mark20@outlook.com,18-25,1,Single-course
U02961,michael52,25,Female,matthewwagner@gmail.com,18-25,1,Single-course
U02962,katie12,23,Male,haynesamanda@yahoo.com,18-25,1,Single-course
U02963,nliu,18,Female,walshsabrina@gmail.com,18-25,1,Single-course
U02964,amandajohnson,33,Male,deborah39@gmail.com,26-35,1,Single-course
U02965,emma46,16,Male,pgonzales@yahoo.com,<18,1,Single-course
U02966,shawncampbell,26,Female,dakotamedina@hotmail.com,26-35,4,Moderate
U02967,michael85,21,Male,handerson@outlook.com,18-25,1,Single-course
U02968,karenjimenez,34,Female,crawfordrenee@yahoo.com,26-35,2,Moderate
U02969,bellangelica,18,Female,sara69@outlook.com,18-25,13,Highly Active
U02970,lmorgan,34,Male,kennethbrown@yahoo.com,26-35,2,Moderate
U02971,robertseddie,20,Female,macdonaldkim@hotmail.com,18-25,13,Highly Active
U02972,zwilson,35,Male,jillhernandez@outlook.com,26-35,2,Moderate
U02973,goodwinbryan,28,Female,peter36@outlook.com,26-35,1,Single-course
U02974,barnettkaitlyn,31,Female,kerritaylor@yahoo.com,26-35,14,Highly Active
U02975,saramiller,22,Male,susancline@gmail.com,18-25,1,Single-course
U02976,christopherellis,28,Female,bartonbruce@outlook.com,26-35,16,Highly Active
U02977,ydavis,33,Male,kellyrobert@outlook.com,26-35,1,Single-course
U02978,donaldjenkins,18,Female,veronicamurphy@outlook.com,18-25,4,Moderate
U02979,dkim,26,Male,bbryant@hotmail.com,26-35,1,Single-course
U02980,yodonnell,27,Male,richard69@hotmail.com,26-35,12,Highly Active
U02981,usloan,23,Male,fsmith@yahoo.com,18-25,14,Highly Active
U02982,xfischer,20,Female,brian61@hotmail.com,18-25,1,Single-course
U02983,timothybennett,35,Female,yromero@yahoo.com,26-35,1,Single-course
U02984,coleandrew,35,Female,carlos93@gmail.com,26-35,14,Highly Active
U02985,maynardlisa,35,Male,todd45@yahoo.com,26-35,1,Single-course
U02986,sanchezdustin,16,Male,zfranco@gmail.com,<18,2,Moderate
U02987,qmiller,26,Male,athompson@yahoo.com,26-35,1,Single-course
U02988,anthonyhampton,17,Male,marroyo@hotmail.com,<18,1,Single-course
U02989,neil55,22,Male,dale92@yahoo.com,18-25,11,Highly Active
U02990,timothy15,22,Male,kingtodd@gmail.com,18-25,2,Moderate
U02991,andrea88,27,Female,anitajenkins@outlook.com,26-35,1,Single-course
U02992,michelle74,24,Female,dcombs@gmail.com,18-25,12,Highly Active
U02993,cummingsdawn,20,Female,littlekathryn@outlook.com,18-25,1,Single-course
U02994,rhodesjames,31,Female,michael02@outlook.com,26-35,14,Highly Active
U02995,larryhunter,16,Male,ashleyday@gmail.com,<18,1,Single-course
U02996,rebeccamccoy,32,Male,james28@outlook.com,26-35,1,Single-course
U02997,jburke,21,Female,nramos@yahoo.com,18-25,1,Single-course
U02998,choikendra,33,Male,katherinebeck@hotmail.com,26-35,1,Single-course
U02999,rachelmalone,20,Male,rodgerserica@hotmail.com,18-25,1,Single-course
U03000,harperdouglas,15,Male,jackie41@gmail.com,<18,1,Single-course
