UserID,UserName,Age,AgeGroup,Gender,EnrollmentCount
U00001,wilsonjordan,15,<18,Male,1
U00002,angela22,29,26–35,Female,1
U00003,morrisonamanda,33,26–35,Female,11
U00004,fthornton,23,18–25,Female,13
U00005,fostergeoffrey,21,18–25,Male,2
U00006,jacksonjose,21,18–25,Male,1
U00007,grodriguez,24,18–25,Male,1
U00008,adkinsapril,33,26–35,Female,1
U00009,heathercallahan,20,18–25,Female,1
U00010,qlam,34,26–35,Female,2
U00011,ashley16,15,<18,Female,2
U00012,mirandatimothy,15,<18,Female,2
U00013,cherrykathleen,33,26–35,Female,14
U00014,huertatimothy,30,26–35,Male,1
U00015,tbaker,27,26–35,Female,14
U00016,josephmullins,32,26–35,Male,1
U00017,theresa55,24,18–25,Male,3
U00018,nicole97,24,18–25,Female,16
U00019,rlawson,24,18–25,Female,1
U00020,evansmichael,27,26–35,Female,1
U00021,autumn63,15,<18,Male,2
U00022,patriciaadkins,31,26–35,Male,1
U00023,micheal78,32,26–35,Male,1
U00024,steven43,18,18–25,Female,1
U00025,georgewhite,34,26–35,Male,4
U00026,andrew02,19,18–25,Male,1
U00027,hunter32,31,26–35,Male,2
U00028,zgomez,30,26–35,Female,12
U00029,hartmanjon,30,26–35,Male,1
U00030,david76,34,26–35,Male,1
U00031,lovedavid,30,26–35,Male,1
U00032,veronica83,18,18–25,Male,1
U00033,rodrigueznatalie,25,18–25,Male,1
U00034,ilopez,32,26–35,Female,2
U00035,chernandez,32,26–35,Male,1
U00036,coxmichael,24,18–25,Female,1
U00037,lisabraun,31,26–35,Female,2
U00038,williamselizabeth,35,26–35,Male,1
U00039,blackdanielle,16,<18,Female,1
U00040,briannamurphy,15,<18,Male,1
U00041,april65,19,18–25,Female,2
U00042,christopher62,32,26–35,Male,1
U00043,tommy21,31,26–35,Male,1
U00044,rileyapril,19,18–25,Male,1
U00045,rodneystevens,23,18–25,Female,14
U00046,usimpson,29,26–35,Female,2
U00047,westbrian,34,26–35,Male,1
U00048,willie71,19,18–25,Male,13
U00049,nclark,32,26–35,Male,1
U00050,rewing,33,26–35,Male,1
U00051,crystal12,32,26–35,Female,1
U00052,daniel48,25,18–25,Female,1
U00053,tara07,34,26–35,Female,1
U00054,jessicaparker,22,18–25,Female,1
U00055,hallandrea,31,26–35,Female,16
U00056,vcrawford,22,18–25,Female,2
U00057,thomasrobin,18,18–25,Male,1
U00058,egomez,30,26–35,Female,1
U00059,elizabeth16,32,26–35,Male,1
U00060,albert28,26,26–35,Male,4
U00061,vincent12,32,26–35,Female,1
U00062,howenathaniel,28,26–35,Female,1
U00063,lisawong,34,26–35,Female,2
U00064,donnabarker,33,26–35,Female,1
U00065,michaelcurtis,29,26–35,Male,1
U00066,wwest,26,26–35,Female,1
U00067,jessica24,28,26–35,Female,1
U00068,marshmichelle,32,26–35,Male,1
U00069,gainesandrew,27,26–35,Female,2
U00070,mgonzales,25,18–25,Female,2
U00071,kevin94,30,26–35,Female,14
U00072,hallanthony,17,<18,Female,1
U00073,katie83,16,<18,Male,1
U00074,nunezapril,19,18–25,Male,3
U00075,hfarley,22,18–25,Male,1
U00076,justinwatkins,34,26–35,Male,4
U00077,shannon49,20,18–25,Male,1
U00078,ahouston,32,26–35,Female,1
U00079,aburke,28,26–35,Male,1
U00080,mortonandrew,35,26–35,Female,1
U00081,smithdanny,18,18–25,Female,1
U00082,susankidd,31,26–35,Male,1
U00083,james92,16,<18,Male,15
U00084,xperez,20,18–25,Male,1
U00085,scottluna,22,18–25,Female,13
U00086,nicole62,27,26–35,Female,4
U00087,sjoseph,19,18–25,Female,3
U00088,tgarcia,23,18–25,Male,1
U00089,austinspears,30,26–35,Male,1
U00090,sethchavez,34,26–35,Male,1
U00091,joseph88,35,26–35,Male,1
U00092,carl44,31,26–35,Male,4
U00093,sextonelizabeth,16,<18,Male,1
U00094,qtaylor,27,26–35,Male,1
U00095,ojohnson,20,18–25,Male,1
U00096,wesley99,34,26–35,Female,4
U00097,donnawilliams,25,18–25,Male,2
U00098,sarah43,31,26–35,Male,1
U00099,wharrison,29,26–35,Female,1
U00100,swallace,32,26–35,Female,1
U00101,rosejames,15,<18,Female,1
U00102,vweiss,32,26–35,Male,1
U00103,felicia29,30,26–35,Female,1
U00104,diazsara,19,18–25,Male,1
U00105,smithjacqueline,27,26–35,Male,1
U00106,sharonmurphy,19,18–25,Male,2
U00107,hayley84,18,18–25,Female,1
U00108,jowen,32,26–35,Male,2
U00109,amyschmidt,15,<18,Female,14
U00110,thorntondaniel,26,26–35,Female,1
U00111,cynthia90,24,18–25,Male,1
U00112,williamswilliam,34,26–35,Female,14
U00113,becky55,19,18–25,Male,1
U00114,lvasquez,22,18–25,Female,1
U00115,mitchellswanson,32,26–35,Female,1
U00116,schultzaustin,31,26–35,Male,1
U00117,kristin26,19,18–25,Female,13
U00118,morankevin,28,26–35,Female,1
U00119,phillipsrobert,28,26–35,Male,1
U00120,faguilar,15,<18,Male,2
U00121,htanner,27,26–35,Female,2
U00122,derekgreer,21,18–25,Female,2
U00123,richardsonjames,18,18–25,Female,2
U00124,christinagilbert,19,18–25,Female,2
U00125,michelle70,35,26–35,Female,2
U00126,zhall,23,18–25,Female,14
U00127,brian60,34,26–35,Female,3
U00128,misty15,35,26–35,Female,13
U00129,sabrinawilson,19,18–25,Male,2
U00130,eherring,17,<18,Male,1
U00131,chelsea48,19,18–25,Male,1
U00132,kathysharp,22,18–25,Male,1
U00133,mccarthyscott,21,18–25,Male,14
U00134,syoung,26,26–35,Female,14
U00135,josephmichael,17,<18,Female,1
U00136,millerleslie,25,18–25,Female,1
U00137,lawrencesanchez,15,<18,Female,2
U00138,sarafuentes,26,26–35,Male,2
U00139,qharrell,16,<18,Female,4
U00140,william81,24,18–25,Female,2
U00141,jenkinswilliam,20,18–25,Male,1
U00142,brian08,17,<18,Female,1
U00143,sherri37,26,26–35,Male,2
U00144,rodgerspaul,24,18–25,Female,13
U00145,shawnbrown,23,18–25,Female,1
U00146,ihernandez,30,26–35,Female,1
U00147,patricklaura,30,26–35,Male,12
U00148,andersenmichael,35,26–35,Female,1
U00149,jacksonanthony,17,<18,Female,10
U00150,nsmith,25,18–25,Male,2
U00151,johnjohnson,16,<18,Female,1
U00152,hhill,19,18–25,Female,12
U00153,scottgilbert,35,26–35,Male,2
U00154,jessicabailey,29,26–35,Male,1
U00155,browningstephanie,27,26–35,Male,2
U00156,phill,17,<18,Male,1
U00157,derek60,32,26–35,Female,2
U00158,nicholas56,35,26–35,Female,1
U00159,rodriguezraymond,16,<18,Male,2
U00160,kingspencer,28,26–35,Female,1
U00161,lawrence17,25,18–25,Female,11
U00162,charlesayala,26,26–35,Male,1
U00163,clinejacqueline,32,26–35,Female,1
U00164,james63,32,26–35,Male,2
U00165,wcarroll,30,26–35,Male,4
U00166,campbellkelsey,33,26–35,Male,15
U00167,rogersjohn,31,26–35,Female,1
U00168,gillespiekimberly,24,18–25,Female,1
U00169,vasquezjohn,24,18–25,Male,13
U00170,millerdavid,34,26–35,Female,3
U00171,egardner,24,18–25,Male,2
U00172,nglass,35,26–35,Female,1
U00173,fernando38,31,26–35,Male,14
U00174,michelle60,29,26–35,Male,1
U00175,xlambert,32,26–35,Female,2
U00176,gary81,34,26–35,Male,1
U00177,torreschristine,29,26–35,Female,14
U00178,gonzaleslisa,20,18–25,Male,14
U00179,mariaavila,34,26–35,Male,2
U00180,xglenn,26,26–35,Female,1
U00181,stephanie98,32,26–35,Female,1
U00182,nancyibarra,28,26–35,Female,1
U00183,christopherhall,33,26–35,Male,1
U00184,kroth,28,26–35,Male,1
U00185,jwalls,27,26–35,Male,1
U00186,alexbrown,28,26–35,Female,2
U00187,taylor05,18,18–25,Male,1
U00188,robertsedward,18,18–25,Male,1
U00189,latoya45,18,18–25,Male,1
U00190,hroberts,25,18–25,Female,1
U00191,foleypaul,34,26–35,Male,12
U00192,nathanieldorsey,17,<18,Male,14
U00193,stevenjames,33,26–35,Male,1
U00194,carolynpage,35,26–35,Male,1
U00195,stewartlisa,15,<18,Male,1
U00196,susan34,23,18–25,Female,1
U00197,parksderek,35,26–35,Female,1
U00198,brian71,30,26–35,Female,12
U00199,millerstephanie,24,18–25,Female,1
U00200,ronald67,32,26–35,Male,4
U00201,yalvarado,16,<18,Male,3
U00202,awilson,28,26–35,Female,1
U00203,samantha00,25,18–25,Female,2
U00204,loribates,28,26–35,Female,1
U00205,christinecampbell,32,26–35,Male,1
U00206,lisa94,19,18–25,Female,1
U00207,evelyn98,33,26–35,Male,2
U00208,kingrobin,18,18–25,Female,15
U00209,parkssarah,26,26–35,Male,1
U00210,mscott,30,26–35,Male,2
U00211,maryspencer,22,18–25,Male,1
U00212,mike97,30,26–35,Female,2
U00213,susan03,15,<18,Male,2
U00214,danielle41,24,18–25,Female,1
U00215,sandra29,28,26–35,Male,1
U00216,taylorelizabeth,23,18–25,Male,16
U00217,garychandler,28,26–35,Male,1
U00218,gregory81,15,<18,Female,1
U00219,daniellebishop,23,18–25,Female,1
U00220,laura88,20,18–25,Male,15
U00221,lgallagher,27,26–35,Male,1
U00222,bentonkatrina,28,26–35,Male,1
U00223,patricia65,35,26–35,Female,1
U00224,denisebailey,15,<18,Female,1
U00225,sheila72,18,18–25,Male,1
U00226,marioperez,34,26–35,Female,1
U00227,victoria90,23,18–25,Male,2
U00228,joshuarangel,18,18–25,Male,1
U00229,charles00,22,18–25,Male,2
U00230,karen41,17,<18,Female,2
U00231,rodgersdaniel,16,<18,Male,2
U00232,timothywatkins,26,26–35,Female,1
U00233,robinsonmichael,32,26–35,Male,1
U00234,emily05,32,26–35,Male,2
U00235,williamscharles,34,26–35,Male,3
U00236,colin32,25,18–25,Female,1
U00237,anthony70,20,18–25,Male,1
U00238,joshuaescobar,24,18–25,Female,15
U00239,vberg,32,26–35,Female,1
U00240,ismith,34,26–35,Female,2
U00241,thomascummings,23,18–25,Female,2
U00242,wernerjesus,27,26–35,Male,2
U00243,thomastimothy,24,18–25,Female,1
U00244,josemartinez,28,26–35,Male,1
U00245,twilson,31,26–35,Female,1
U00246,william30,31,26–35,Male,1
U00247,edwardsadam,30,26–35,Female,1
U00248,christopher76,17,<18,Male,1
U00249,donaldmccoy,35,26–35,Female,1
U00250,gregorypierce,21,18–25,Male,1
U00251,summersjamie,28,26–35,Female,13
U00252,millermary,29,26–35,Female,1
U00253,ymcgrath,19,18–25,Male,1
U00254,yatesadrian,19,18–25,Female,1
U00255,fschmidt,26,26–35,Female,1
U00256,pearsonannette,35,26–35,Female,1
U00257,danielle50,29,26–35,Male,1
U00258,marilynbailey,19,18–25,Male,1
U00259,jennifershaw,35,26–35,Male,1
U00260,heather26,35,26–35,Male,15
U00261,darrell83,28,26–35,Female,1
U00262,dawnsawyer,24,18–25,Male,1
U00263,chapmanjennifer,15,<18,Male,4
U00264,mmullen,18,18–25,Female,3
U00265,william96,15,<18,Male,14
U00266,fstephens,25,18–25,Female,1
U00267,amandataylor,34,26–35,Male,4
U00268,donna26,29,26–35,Female,1
U00269,brandonharper,22,18–25,Female,1
U00270,karenpratt,23,18–25,Male,1
U00271,ldurham,15,<18,Male,1
U00272,wvasquez,25,18–25,Male,13
U00273,wattsphilip,25,18–25,Female,1
U00274,john92,32,26–35,Female,2
U00275,benjaminmendoza,28,26–35,Female,1
U00276,cassandrayoung,22,18–25,Female,1
U00277,oriddle,21,18–25,Male,1
U00278,erikayoung,27,26–35,Male,1
U00279,mackenzie39,24,18–25,Male,3
U00280,psnyder,15,<18,Male,1
U00281,bailey28,30,26–35,Female,1
U00282,eandrews,19,18–25,Male,14
U00283,mryan,28,26–35,Male,2
U00284,gallaghergregory,30,26–35,Male,1
U00285,lunabrandon,29,26–35,Female,1
U00286,angelaclark,24,18–25,Female,3
U00287,rkennedy,21,18–25,Female,2
U00288,michellemartin,35,26–35,Male,1
U00289,christopher37,17,<18,Female,1
U00290,frankalvarado,17,<18,Female,3
U00291,nicholas62,16,<18,Female,3
U00292,andrewbrown,33,26–35,Male,12
U00293,brian93,25,18–25,Female,13
U00294,traceybrown,21,18–25,Female,1
U00295,jean02,29,26–35,Male,1
U00296,marshallolivia,31,26–35,Female,2
U00297,mgarrett,29,26–35,Male,1
U00298,steven02,32,26–35,Male,14
U00299,vincentadam,20,18–25,Female,1
U00300,anthonyhess,26,26–35,Female,2
U00301,shale,26,26–35,Male,14
U00302,nelsonsamantha,34,26–35,Female,1
U00303,fcollins,35,26–35,Male,14
U00304,lucaswilliam,35,26–35,Male,1
U00305,ypeters,22,18–25,Male,1
U00306,aaronfrazier,28,26–35,Male,1
U00307,orichardson,33,26–35,Female,1
U00308,carrollwalter,26,26–35,Male,4
U00309,gilbertjoseph,27,26–35,Male,1
U00310,davidbarrera,26,26–35,Female,11
U00311,mandy48,18,18–25,Female,1
U00312,hallerin,30,26–35,Female,1
U00313,qsmith,29,26–35,Female,1
U00314,tgonzalez,19,18–25,Female,3
U00315,stephanie14,31,26–35,Female,12
U00316,jasonjohnston,19,18–25,Female,2
U00317,williamscaroline,19,18–25,Male,3
U00318,dudleyaimee,20,18–25,Male,1
U00319,ysmith,15,<18,Female,1
U00320,hannahromero,29,26–35,Male,1
U00321,mhammond,28,26–35,Male,14
U00322,idillon,23,18–25,Male,14
U00323,irichard,21,18–25,Female,15
U00324,wpowell,16,<18,Male,1
U00325,thomas96,26,26–35,Male,1
U00326,ashleyjohnson,25,18–25,Female,1
U00327,hannahmccoy,31,26–35,Female,4
U00328,glennmoore,29,26–35,Female,15
U00329,ellisangela,20,18–25,Female,12
U00330,jsherman,15,<18,Female,14
U00331,john39,17,<18,Male,1
U00332,steinjane,25,18–25,Male,1
U00333,carmen47,26,26–35,Female,1
U00334,dianasanchez,24,18–25,Female,13
U00335,garneranthony,33,26–35,Female,1
U00336,milescaitlin,19,18–25,Male,1
U00337,kimberly57,29,26–35,Female,1
U00338,brianlee,23,18–25,Female,14
U00339,emmaallen,29,26–35,Male,16
U00340,george01,30,26–35,Male,14
U00341,ggonzalez,24,18–25,Male,1
U00342,myersmark,26,26–35,Female,1
U00343,adriana50,31,26–35,Male,1
U00344,jennifernorris,17,<18,Male,1
U00345,whiteheadjessica,16,<18,Male,15
U00346,marymcclain,33,26–35,Female,3
U00347,dorothy78,32,26–35,Female,2
U00348,wigginsearl,30,26–35,Female,1
U00349,fostermichael,28,26–35,Male,1
U00350,fmartin,17,<18,Male,2
U00351,carlsonjason,18,18–25,Female,13
U00352,danderson,28,26–35,Male,15
U00353,webbcharles,34,26–35,Female,14
U00354,elizabeth42,35,26–35,Male,2
U00355,johnsonfrederick,15,<18,Female,1
U00356,donaldjacobs,21,18–25,Female,15
U00357,ychavez,15,<18,Female,15
U00358,johnmcdonald,19,18–25,Male,1
U00359,jeremiahshaw,29,26–35,Female,1
U00360,qburke,32,26–35,Male,1
U00361,pmoon,18,18–25,Female,1
U00362,eugene97,16,<18,Male,13
U00363,haysbarbara,32,26–35,Female,1
U00364,cynthiamiller,34,26–35,Male,1
U00365,bfox,30,26–35,Female,13
U00366,gerald45,28,26–35,Male,2
U00367,robert90,21,18–25,Male,1
U00368,michael12,26,26–35,Male,1
U00369,beckerterry,19,18–25,Male,4
U00370,bstevens,17,<18,Male,2
U00371,grayandrea,17,<18,Female,1
U00372,bpatrick,23,18–25,Male,1
U00373,daniel56,26,26–35,Female,1
U00374,hmarsh,28,26–35,Female,1
U00375,powellmatthew,34,26–35,Female,1
U00376,jeffrey59,29,26–35,Male,1
U00377,andersondonald,21,18–25,Female,1
U00378,cookjoseph,21,18–25,Female,2
U00379,garciajohn,20,18–25,Male,14
U00380,rebeccabowman,23,18–25,Female,1
U00381,richardsondanny,32,26–35,Male,1
U00382,martinpayne,25,18–25,Male,3
U00383,michael40,29,26–35,Female,15
U00384,joshuamiller,32,26–35,Female,2
U00385,melissa61,20,18–25,Male,1
U00386,gary74,29,26–35,Female,2
U00387,elliottjacob,29,26–35,Female,1
U00388,jbennett,18,18–25,Male,1
U00389,qhunt,27,26–35,Female,1
U00390,newtonjohnny,18,18–25,Female,3
U00391,morrisonronald,19,18–25,Female,1
U00392,coleamanda,19,18–25,Female,1
U00393,ryan80,30,26–35,Male,1
U00394,dianaeverett,30,26–35,Female,11
U00395,karenholder,22,18–25,Female,1
U00396,soliskaren,30,26–35,Male,2
U00397,padams,16,<18,Male,1
U00398,brandon42,27,26–35,Female,3
U00399,xgraham,31,26–35,Female,12
U00400,ann81,23,18–25,Male,2
U00401,christina44,21,18–25,Female,2
U00402,mary54,23,18–25,Male,2
U00403,stevencruz,34,26–35,Female,1
U00404,lucerojonathan,21,18–25,Female,14
U00405,douglasholmes,24,18–25,Male,2
U00406,miranda71,33,26–35,Male,15
U00407,zlopez,23,18–25,Male,15
U00408,jacquelinelee,19,18–25,Female,1
U00409,jenniferolson,35,26–35,Male,2
U00410,bcantu,33,26–35,Male,1
U00411,robert66,17,<18,Female,12
U00412,qwatkins,24,18–25,Female,4
U00413,sharon56,23,18–25,Male,2
U00414,popesteven,25,18–25,Male,1
U00415,lisaponce,31,26–35,Female,13
U00416,simmonspatricia,17,<18,Female,2
U00417,erica01,32,26–35,Female,2
U00418,anthonyanderson,23,18–25,Female,3
U00419,willismorgan,21,18–25,Female,1
U00420,jennifer64,24,18–25,Female,1
U00421,karenlambert,32,26–35,Male,1
U00422,sanfordmichael,15,<18,Female,3
U00423,reginaberg,27,26–35,Female,12
U00424,kristi64,35,26–35,Male,11
U00425,erik67,19,18–25,Male,1
U00426,xknox,21,18–25,Male,4
U00427,bernardsexton,29,26–35,Female,16
U00428,stewartdiane,23,18–25,Male,1
U00429,bmckay,23,18–25,Female,1
U00430,mark51,27,26–35,Male,1
U00431,collinsjason,15,<18,Female,1
U00432,umiller,31,26–35,Male,1
U00433,elewis,32,26–35,Female,1
U00434,knightjake,22,18–25,Male,1
U00435,lgreene,34,26–35,Female,1
U00436,hodgeserin,20,18–25,Female,1
U00437,pricealexander,28,26–35,Male,3
U00438,eric69,21,18–25,Male,14
U00439,idiaz,31,26–35,Female,1
U00440,maxwellsmith,20,18–25,Female,1
U00441,taylor92,19,18–25,Male,1
U00442,umaldonado,21,18–25,Female,1
U00443,desiree20,21,18–25,Female,2
U00444,morrowmichael,15,<18,Female,13
U00445,vlong,31,26–35,Female,1
U00446,smithjack,19,18–25,Female,2
U00447,fwebb,23,18–25,Male,1
U00448,smithjeffrey,27,26–35,Male,3
U00449,brownkaren,33,26–35,Female,14
U00450,colemanroy,20,18–25,Male,12
U00451,sabrinafoster,20,18–25,Male,1
U00452,williamsamy,23,18–25,Male,3
U00453,jasmineowens,20,18–25,Male,1
U00454,lauralewis,28,26–35,Female,4
U00455,angelica53,19,18–25,Male,3
U00456,bobbyfaulkner,24,18–25,Female,2
U00457,amytaylor,34,26–35,Female,2
U00458,zle,31,26–35,Female,4
U00459,andrewthomas,22,18–25,Male,1
U00460,youngmike,24,18–25,Female,2
U00461,kramerlogan,21,18–25,Female,2
U00462,lmason,30,26–35,Male,2
U00463,smithryan,18,18–25,Female,1
U00464,blakejoseph,25,18–25,Male,12
U00465,garrettjenny,26,26–35,Male,1
U00466,armstrongluis,32,26–35,Female,2
U00467,awalker,34,26–35,Male,1
U00468,greeneaaron,19,18–25,Female,1
U00469,scott82,20,18–25,Female,2
U00470,antoniohanson,18,18–25,Female,1
U00471,clopez,31,26–35,Female,1
U00472,nhicks,22,18–25,Female,1
U00473,smithamanda,32,26–35,Female,3
U00474,renee73,31,26–35,Male,1
U00475,stevenwilliams,24,18–25,Male,3
U00476,devin94,29,26–35,Female,2
U00477,jason69,19,18–25,Male,1
U00478,john69,30,26–35,Male,2
U00479,cunninghamaaron,33,26–35,Male,2
U00480,rnash,20,18–25,Female,1
U00481,bakeranna,32,26–35,Female,1
U00482,leewhite,33,26–35,Female,1
U00483,weberhelen,22,18–25,Male,1
U00484,wesleyfreeman,16,<18,Male,2
U00485,garrettevans,29,26–35,Female,1
U00486,coryalvarado,21,18–25,Female,2
U00487,kayla77,15,<18,Female,2
U00488,barbara10,20,18–25,Male,2
U00489,aguirrejessica,18,18–25,Male,3
U00490,smithjody,33,26–35,Male,1
U00491,brianna74,20,18–25,Male,1
U00492,billy39,20,18–25,Female,1
U00493,rioschristina,30,26–35,Male,1
U00494,joel15,26,26–35,Male,13
U00495,johnsonchristina,35,26–35,Female,2
U00496,clarktonya,29,26–35,Female,1
U00497,cmclean,21,18–25,Female,3
U00498,sheri69,20,18–25,Female,3
U00499,keith86,21,18–25,Male,1
U00500,frederick07,16,<18,Female,2
U00501,andersonkathy,26,26–35,Female,1
U00502,reynoldserin,22,18–25,Female,2
U00503,robinsonmargaret,15,<18,Male,2
U00504,cantrellscott,16,<18,Male,2
U00505,mcleanchris,17,<18,Male,1
U00506,aliciagiles,33,26–35,Female,1
U00507,nichole08,15,<18,Male,2
U00508,dalesmith,28,26–35,Female,1
U00509,alexandereaton,20,18–25,Female,1
U00510,noblechristy,15,<18,Male,1
U00511,becky57,28,26–35,Male,1
U00512,joshua36,22,18–25,Male,2
U00513,kcoleman,25,18–25,Male,1
U00514,tammysmall,30,26–35,Female,3
U00515,martinbrian,19,18–25,Female,2
U00516,charles14,33,26–35,Female,1
U00517,rachelsmith,22,18–25,Female,1
U00518,jasonlara,20,18–25,Female,1
U00519,phaynes,27,26–35,Female,1
U00520,tammy29,29,26–35,Male,1
U00521,amanda69,26,26–35,Female,1
U00522,qbrooks,21,18–25,Male,1
U00523,crystal86,31,26–35,Male,1
U00524,knighthector,24,18–25,Male,2
U00525,victor26,31,26–35,Male,1
U00526,dunndeborah,24,18–25,Male,1
U00527,moralesmatthew,18,18–25,Male,2
U00528,wwebb,26,26–35,Female,1
U00529,tharper,25,18–25,Male,2
U00530,wilsonjeanne,35,26–35,Female,1
U00531,hannahking,24,18–25,Male,2
U00532,spencerjennifer,15,<18,Female,1
U00533,brandonfuller,29,26–35,Male,2
U00534,michellestone,27,26–35,Female,4
U00535,rodriguezryan,23,18–25,Male,2
U00536,lukewilliams,35,26–35,Female,1
U00537,opatterson,25,18–25,Female,2
U00538,salinasthomas,20,18–25,Male,1
U00539,jennifer10,25,18–25,Male,1
U00540,james88,15,<18,Male,1
U00541,dhill,19,18–25,Male,3
U00542,ericjones,32,26–35,Male,1
U00543,broberts,18,18–25,Female,13
U00544,williamskaren,30,26–35,Male,1
U00545,bryandavis,18,18–25,Female,1
U00546,nathanstevenson,25,18–25,Male,1
U00547,loganthomas,19,18–25,Female,1
U00548,vanessa32,32,26–35,Female,14
U00549,andrea24,17,<18,Female,1
U00550,gwyatt,17,<18,Male,2
U00551,harveybenjamin,35,26–35,Male,4
U00552,nicholastorres,30,26–35,Female,2
U00553,whiteheadhoward,15,<18,Male,2
U00554,tlopez,18,18–25,Male,1
U00555,rodriguezaudrey,17,<18,Female,1
U00556,martinezkenneth,25,18–25,Female,14
U00557,kross,31,26–35,Male,2
U00558,kimberlymoore,32,26–35,Male,1
U00559,jonathanmendoza,20,18–25,Male,11
U00560,danielle56,32,26–35,Male,2
U00561,perryterry,33,26–35,Male,1
U00562,douglasbright,23,18–25,Female,15
U00563,jacksonchristopher,31,26–35,Female,2
U00564,nkeller,15,<18,Male,1
U00565,teresabell,28,26–35,Male,2
U00566,zrowland,31,26–35,Male,2
U00567,edeleon,20,18–25,Male,1
U00568,lmorris,16,<18,Female,1
U00569,danieljimenez,15,<18,Female,14
U00570,dunncharles,27,26–35,Male,14
U00571,tracey67,22,18–25,Female,2
U00572,jesse11,32,26–35,Male,13
U00573,florestyler,30,26–35,Male,11
U00574,thomas63,33,26–35,Female,14
U00575,swilliams,35,26–35,Male,1
U00576,harrispenny,16,<18,Male,13
U00577,raymond98,17,<18,Female,1
U00578,palmerkristy,26,26–35,Male,1
U00579,walkertracie,34,26–35,Male,1
U00580,whitepatrick,24,18–25,Female,3
U00581,rodriguezsamantha,32,26–35,Female,2
U00582,wagnervalerie,26,26–35,Male,1
U00583,qmarsh,21,18–25,Female,1
U00584,christine43,31,26–35,Female,14
U00585,jennifer48,19,18–25,Female,2
U00586,ericamorris,21,18–25,Male,1
U00587,melissahancock,22,18–25,Female,2
U00588,shelia09,24,18–25,Male,1
U00589,matthew86,19,18–25,Female,1
U00590,browndonna,19,18–25,Male,1
U00591,kendramcdonald,35,26–35,Male,2
U00592,barbara94,18,18–25,Female,14
U00593,fmaxwell,23,18–25,Male,2
U00594,gsims,20,18–25,Male,1
U00595,hrichardson,29,26–35,Male,14
U00596,hshaw,26,26–35,Male,2
U00597,suzanne13,28,26–35,Female,1
U00598,acraig,28,26–35,Male,1
U00599,kristinharrison,33,26–35,Male,1
U00600,philip29,21,18–25,Male,1
U00601,ginawilkins,24,18–25,Male,1
U00602,chowell,25,18–25,Female,3
U00603,xbryant,35,26–35,Male,2
U00604,mercedes21,30,26–35,Female,14
U00605,graypatricia,30,26–35,Female,3
U00606,tiffanywilliams,33,26–35,Female,2
U00607,bobby98,30,26–35,Male,2
U00608,adrianconley,31,26–35,Male,1
U00609,marissa45,33,26–35,Female,4
U00610,ericcraig,19,18–25,Male,1
U00611,christophercontreras,30,26–35,Male,2
U00612,kellytaylor,23,18–25,Male,1
U00613,jessica15,24,18–25,Male,2
U00614,samuelmiles,23,18–25,Female,1
U00615,mrobinson,20,18–25,Male,1
U00616,joshua33,19,18–25,Female,2
U00617,bradyolivia,18,18–25,Female,1
U00618,rlee,22,18–25,Male,1
U00619,brittanymclean,32,26–35,Female,12
U00620,antonio11,30,26–35,Male,1
U00621,smithjill,20,18–25,Male,2
U00622,xhernandez,28,26–35,Female,13
U00623,omar61,23,18–25,Female,2
U00624,reneeanderson,34,26–35,Female,2
U00625,kimberly36,28,26–35,Male,4
U00626,emily75,19,18–25,Male,1
U00627,robertsdavid,34,26–35,Female,4
U00628,david75,32,26–35,Female,2
U00629,toni46,20,18–25,Female,1
U00630,trevorwhite,17,<18,Male,3
U00631,heathdonna,20,18–25,Male,2
U00632,zknox,26,26–35,Female,1
U00633,reidlisa,35,26–35,Female,14
U00634,bradley56,15,<18,Female,3
U00635,dmahoney,26,26–35,Female,1
U00636,parkermaria,21,18–25,Female,13
U00637,kbrandt,22,18–25,Female,2
U00638,austin36,19,18–25,Female,2
U00639,wscott,33,26–35,Female,14
U00640,jon73,31,26–35,Male,1
U00641,nancy60,32,26–35,Male,1
U00642,rmeza,17,<18,Male,2
U00643,cynthia57,20,18–25,Female,1
U00644,montgomerykathleen,20,18–25,Female,1
U00645,dennis23,23,18–25,Female,1
U00646,smurphy,29,26–35,Female,1
U00647,richard50,26,26–35,Female,1
U00648,madeline85,19,18–25,Male,2
U00649,thomaslawson,32,26–35,Male,1
U00650,xknapp,26,26–35,Female,1
U00651,mmeadows,29,26–35,Male,4
U00652,cwebb,16,<18,Female,2
U00653,terrigreen,15,<18,Male,1
U00654,ehall,24,18–25,Male,2
U00655,jbailey,33,26–35,Female,1
U00656,vanessapearson,31,26–35,Male,1
U00657,bensonandrew,23,18–25,Male,1
U00658,djohnston,23,18–25,Female,1
U00659,dbennett,33,26–35,Male,2
U00660,gardnerjohn,22,18–25,Male,2
U00661,robert38,23,18–25,Female,4
U00662,greggcarter,30,26–35,Female,1
U00663,brittneysanders,35,26–35,Male,1
U00664,lopezashley,17,<18,Male,1
U00665,laura09,35,26–35,Male,1
U00666,idavis,30,26–35,Female,12
U00667,oconnorjennifer,18,18–25,Female,2
U00668,jeffreybishop,34,26–35,Female,2
U00669,yvette06,20,18–25,Female,1
U00670,david51,17,<18,Male,2
U00671,brandonsteele,18,18–25,Female,1
U00672,andersonanita,15,<18,Male,1
U00673,michaeldavid,24,18–25,Female,2
U00674,stephen71,21,18–25,Male,1
U00675,hollandashley,20,18–25,Female,1
U00676,qwilliams,32,26–35,Male,2
U00677,jodynolan,35,26–35,Female,1
U00678,brooksheather,33,26–35,Female,1
U00679,morganscott,28,26–35,Male,1
U00680,patricia23,35,26–35,Female,1
U00681,mary67,32,26–35,Male,2
U00682,moneill,33,26–35,Male,1
U00683,fernandeznathan,20,18–25,Female,1
U00684,kennethjohnston,28,26–35,Female,3
U00685,nwashington,29,26–35,Female,1
U00686,kjohnson,35,26–35,Female,1
U00687,richard03,29,26–35,Female,15
U00688,cassandra27,30,26–35,Female,2
U00689,mary45,19,18–25,Female,2
U00690,chad34,29,26–35,Female,1
U00691,bthompson,16,<18,Female,1
U00692,ramirezcarol,27,26–35,Male,1
U00693,sawyerjustin,35,26–35,Female,1
U00694,gthompson,33,26–35,Female,1
U00695,escobardaniel,31,26–35,Female,1
U00696,edwardbryant,25,18–25,Male,1
U00697,rebekah50,32,26–35,Female,1
U00698,petersonkaren,32,26–35,Female,2
U00699,noah18,20,18–25,Male,2
U00700,amyarnold,25,18–25,Male,1
U00701,alexis83,32,26–35,Male,14
U00702,robertwashington,22,18–25,Female,3
U00703,traviswilson,32,26–35,Female,3
U00704,veronica98,30,26–35,Male,13
U00705,lynnburke,15,<18,Male,1
U00706,jonesmary,21,18–25,Male,2
U00707,eric25,29,26–35,Male,1
U00708,rodney07,29,26–35,Female,1
U00709,ygregory,23,18–25,Female,14
U00710,virginia47,19,18–25,Male,1
U00711,ataylor,27,26–35,Male,2
U00712,wendybrown,27,26–35,Female,2
U00713,joseph60,17,<18,Female,1
U00714,curtissmith,25,18–25,Male,3
U00715,teresalynn,25,18–25,Female,1
U00716,victoriawalter,29,26–35,Male,4
U00717,michaeljohnson,34,26–35,Female,1
U00718,christopher99,27,26–35,Female,2
U00719,diazlinda,25,18–25,Female,1
U00720,coleashley,17,<18,Female,1
U00721,adavenport,20,18–25,Female,1
U00722,smontgomery,16,<18,Female,3
U00723,tcolon,35,26–35,Male,14
U00724,elizabeth68,16,<18,Female,15
U00725,martinbarbara,28,26–35,Female,1
U00726,ssanchez,26,26–35,Female,1
U00727,jeffreystewart,33,26–35,Female,4
U00728,teresa67,17,<18,Male,1
U00729,vsmith,30,26–35,Male,2
U00730,nbuckley,30,26–35,Male,2
U00731,duane21,16,<18,Male,2
U00732,andrew96,22,18–25,Male,1
U00733,evansjill,28,26–35,Female,1
U00734,georgemartin,20,18–25,Male,4
U00735,brian79,17,<18,Male,2
U00736,yarmstrong,19,18–25,Female,1
U00737,david99,18,18–25,Male,2
U00738,kevin65,29,26–35,Female,3
U00739,robinsonaaron,25,18–25,Female,1
U00740,lrodgers,34,26–35,Female,1
U00741,joseph57,33,26–35,Female,4
U00742,sthomas,29,26–35,Male,1
U00743,kchandler,19,18–25,Male,4
U00744,susan70,15,<18,Male,1
U00745,colemanshannon,29,26–35,Female,2
U00746,brianwright,28,26–35,Male,2
U00747,scruz,28,26–35,Female,1
U00748,gyang,30,26–35,Female,2
U00749,suarezjason,18,18–25,Male,1
U00750,brittany20,23,18–25,Female,1
U00751,alex00,19,18–25,Male,1
U00752,gregoryramirez,30,26–35,Male,13
U00753,fallen,28,26–35,Male,2
U00754,wchapman,33,26–35,Male,1
U00755,fnelson,31,26–35,Male,1
U00756,gloverronald,33,26–35,Female,1
U00757,greghiggins,22,18–25,Female,1
U00758,jacobcherry,16,<18,Male,1
U00759,jerryfuentes,22,18–25,Male,1
U00760,donnahudson,21,18–25,Female,13
U00761,vthomas,31,26–35,Male,1
U00762,marieboyd,22,18–25,Female,1
U00763,ccook,16,<18,Male,1
U00764,millerjay,18,18–25,Male,2
U00765,carrillonathaniel,31,26–35,Female,11
U00766,rebecca41,31,26–35,Female,3
U00767,iestes,16,<18,Female,14
U00768,castilloallen,19,18–25,Male,2
U00769,nicholaswatkins,16,<18,Female,1
U00770,pnorris,29,26–35,Male,1
U00771,ashley15,18,18–25,Male,1
U00772,lindseylawson,24,18–25,Female,13
U00773,tlewis,25,18–25,Female,1
U00774,qarmstrong,27,26–35,Male,1
U00775,timothy66,29,26–35,Female,14
U00776,smithgloria,26,26–35,Female,1
U00777,donaldcastillo,29,26–35,Male,4
U00778,darrencarey,33,26–35,Male,2
U00779,vargasemily,24,18–25,Female,1
U00780,christopherduran,32,26–35,Female,1
U00781,lucasnorman,18,18–25,Female,1
U00782,hholt,25,18–25,Male,1
U00783,joliver,35,26–35,Female,2
U00784,obrienjessica,22,18–25,Female,2
U00785,fisherkathryn,17,<18,Female,1
U00786,johnobrien,32,26–35,Female,13
U00787,alexisjones,29,26–35,Female,9
U00788,dalton45,24,18–25,Male,2
U00789,edwardbishop,17,<18,Female,2
U00790,weekssamuel,16,<18,Female,2
U00791,ggibbs,34,26–35,Female,2
U00792,ralphrobertson,20,18–25,Male,1
U00793,jasonchapman,19,18–25,Male,4
U00794,zperkins,23,18–25,Female,2
U00795,pkent,34,26–35,Female,3
U00796,belljacob,22,18–25,Female,2
U00797,djohnson,20,18–25,Male,3
U00798,phillipgarza,19,18–25,Female,1
U00799,danielle30,26,26–35,Female,2
U00800,denniskara,29,26–35,Female,2
U00801,pmorse,32,26–35,Female,2
U00802,garciabradley,31,26–35,Male,2
U00803,vyoung,26,26–35,Male,3
U00804,alexander76,24,18–25,Female,2
U00805,shelly99,18,18–25,Female,1
U00806,hollowaybrian,27,26–35,Male,1
U00807,mark87,35,26–35,Female,1
U00808,randalljensen,27,26–35,Female,1
U00809,terrismith,24,18–25,Male,1
U00810,nshort,28,26–35,Male,1
U00811,rachel13,25,18–25,Female,3
U00812,greenbradley,24,18–25,Female,3
U00813,oberg,33,26–35,Male,4
U00814,dana01,21,18–25,Female,1
U00815,blevinskenneth,17,<18,Male,2
U00816,nortonjennifer,34,26–35,Male,3
U00817,xwilkins,35,26–35,Female,1
U00818,josephthornton,20,18–25,Female,1
U00819,macdonaldbarry,28,26–35,Female,14
U00820,rhunt,31,26–35,Female,3
U00821,sarawashington,23,18–25,Male,13
U00822,iweber,35,26–35,Female,1
U00823,burgessashley,22,18–25,Male,1
U00824,mary48,27,26–35,Male,1
U00825,odavis,26,26–35,Male,3
U00826,jamespatel,16,<18,Male,1
U00827,joshua59,26,26–35,Female,2
U00828,tanya22,25,18–25,Male,3
U00829,hthomas,22,18–25,Male,16
U00830,cookreginald,26,26–35,Female,1
U00831,stephanie39,18,18–25,Male,2
U00832,chumphrey,20,18–25,Female,1
U00833,anna24,32,26–35,Female,3
U00834,connor47,30,26–35,Male,1
U00835,jonesnatalie,33,26–35,Female,1
U00836,vlee,29,26–35,Female,15
U00837,summersbenjamin,28,26–35,Male,4
U00838,johnmclean,25,18–25,Female,12
U00839,richardgonzales,33,26–35,Male,1
U00840,kristen96,18,18–25,Male,3
U00841,potterchristine,29,26–35,Female,1
U00842,johnsonmichael,21,18–25,Female,2
U00843,danielrivera,21,18–25,Male,1
U00844,bellnicholas,26,26–35,Male,1
U00845,larry84,25,18–25,Female,1
U00846,geraldbrown,16,<18,Male,1
U00847,cscott,23,18–25,Male,1
U00848,wlindsey,28,26–35,Male,4
U00849,patrick51,20,18–25,Male,2
U00850,christopheradams,26,26–35,Male,15
U00851,jamesandersen,21,18–25,Male,1
U00852,scottgoodman,23,18–25,Male,13
U00853,qhancock,24,18–25,Male,2
U00854,jeffery46,28,26–35,Male,2
U00855,cmoody,15,<18,Female,1
U00856,jeffreyosborne,21,18–25,Female,1
U00857,rjohnson,15,<18,Male,1
U00858,hperez,20,18–25,Male,15
U00859,connie76,22,18–25,Male,1
U00860,charlesromero,23,18–25,Female,1
U00861,cjones,22,18–25,Female,1
U00862,ucampbell,18,18–25,Female,1
U00863,carlachambers,23,18–25,Female,1
U00864,taralucas,22,18–25,Female,1
U00865,ynguyen,27,26–35,Male,1
U00866,kevinbryant,30,26–35,Male,1
U00867,kadams,30,26–35,Male,1
U00868,brookelester,16,<18,Female,1
U00869,kathy66,19,18–25,Male,1
U00870,sarah55,22,18–25,Male,15
U00871,harrisangel,26,26–35,Male,2
U00872,leonard49,27,26–35,Male,1
U00873,nicholas43,28,26–35,Male,1
U00874,daniel14,25,18–25,Male,12
U00875,lauren47,23,18–25,Male,1
U00876,steven86,27,26–35,Male,14
U00877,brian68,35,26–35,Male,1
U00878,gregory34,31,26–35,Male,1
U00879,andrea15,18,18–25,Female,3
U00880,burnettjennifer,15,<18,Male,1
U00881,jayala,34,26–35,Female,16
U00882,tyrone43,34,26–35,Female,1
U00883,brittany87,27,26–35,Female,3
U00884,davenportjerome,19,18–25,Male,1
U00885,moralessherri,28,26–35,Female,1
U00886,brenda56,22,18–25,Female,2
U00887,joseph48,17,<18,Male,1
U00888,ywright,15,<18,Male,4
U00889,robbinscatherine,31,26–35,Female,1
U00890,jacobscharles,31,26–35,Female,2
U00891,christopher59,28,26–35,Female,2
U00892,joneskayla,35,26–35,Male,4
U00893,dwillis,15,<18,Male,12
U00894,edwardsjared,28,26–35,Female,3
U00895,seanlambert,15,<18,Male,4
U00896,calvindavis,29,26–35,Female,4
U00897,zmarshall,20,18–25,Male,1
U00898,michelleramos,24,18–25,Female,12
U00899,hallbrian,19,18–25,Male,1
U00900,kochshannon,26,26–35,Female,2
U00901,adam68,23,18–25,Female,1
U00902,jacobscameron,29,26–35,Male,2
U00903,rojasjames,29,26–35,Female,13
U00904,kristen47,16,<18,Female,1
U00905,llawrence,15,<18,Male,1
U00906,nicholsonkaren,34,26–35,Female,1
U00907,pachecomary,23,18–25,Female,12
U00908,tommywilkinson,16,<18,Female,1
U00909,kristinevance,35,26–35,Female,1
U00910,ramirezaaron,20,18–25,Female,3
U00911,qallen,15,<18,Female,10
U00912,anthony80,28,26–35,Male,1
U00913,boyerjoseph,35,26–35,Female,1
U00914,goodwinmichelle,22,18–25,Male,1
U00915,phillipssean,24,18–25,Female,13
U00916,donnacarlson,20,18–25,Male,1
U00917,tylersheppard,28,26–35,Female,15
U00918,maddoxmichael,35,26–35,Male,1
U00919,kwheeler,28,26–35,Male,14
U00920,robertortiz,18,18–25,Female,1
U00921,nharris,26,26–35,Male,1
U00922,rwilliams,31,26–35,Female,2
U00923,scott83,29,26–35,Female,3
U00924,grahammary,34,26–35,Male,1
U00925,tjackson,31,26–35,Male,2
U00926,debbie38,32,26–35,Male,2
U00927,kbowman,26,26–35,Male,2
U00928,uleon,33,26–35,Female,12
U00929,taylortiffany,25,18–25,Female,4
U00930,joe26,34,26–35,Male,3
U00931,pgrant,31,26–35,Male,1
U00932,yolandamckinney,21,18–25,Male,1
U00933,rebeccagrant,27,26–35,Female,1
U00934,clarkamanda,15,<18,Female,1
U00935,andrew43,16,<18,Female,1
U00936,markmcbride,30,26–35,Female,1
U00937,kimberly76,35,26–35,Male,1
U00938,kellylevy,30,26–35,Male,1
U00939,regina72,18,18–25,Male,1
U00940,bhughes,15,<18,Female,1
U00941,riceemily,20,18–25,Female,2
U00942,greeves,21,18–25,Male,1
U00943,patrickevans,21,18–25,Female,2
U00944,mcdowellrichard,28,26–35,Female,1
U00945,meganaguilar,27,26–35,Female,1
U00946,cobbrebecca,20,18–25,Female,1
U00947,phillipsthomas,31,26–35,Female,1
U00948,jenna85,34,26–35,Male,3
U00949,andersondaniel,16,<18,Male,4
U00950,loricruz,33,26–35,Female,1
U00951,perkinsian,15,<18,Male,2
U00952,fullerlaura,22,18–25,Female,2
U00953,lindsay67,31,26–35,Male,3
U00954,emily45,21,18–25,Female,2
U00955,howardfranco,35,26–35,Female,3
U00956,sarahwilliams,21,18–25,Female,1
U00957,courtneyspence,22,18–25,Male,3
U00958,vanessa84,28,26–35,Female,2
U00959,jillianbenitez,22,18–25,Male,13
U00960,zdominguez,17,<18,Male,1
U00961,yodervalerie,31,26–35,Male,14
U00962,mullenraven,20,18–25,Male,1
U00963,xespinoza,20,18–25,Female,2
U00964,melissa75,16,<18,Female,1
U00965,alexanderhart,34,26–35,Female,1
U00966,don65,23,18–25,Female,1
U00967,haledalton,15,<18,Male,14
U00968,wmartin,21,18–25,Male,2
U00969,kevin31,29,26–35,Male,1
U00970,lcollins,18,18–25,Male,1
U00971,xhicks,19,18–25,Female,3
U00972,dross,27,26–35,Female,4
U00973,robertsnicolas,22,18–25,Male,1
U00974,qcraig,31,26–35,Male,1
U00975,kroman,35,26–35,Female,1
U00976,johnsonchristopher,30,26–35,Male,12
U00977,mrubio,33,26–35,Female,1
U00978,hgonzalez,18,18–25,Male,1
U00979,berryjohn,16,<18,Female,3
U00980,oliverwayne,17,<18,Male,1
U00981,vbryant,34,26–35,Male,13
U00982,austinandrea,27,26–35,Female,1
U00983,richardrhodes,26,26–35,Female,1
U00984,ilambert,27,26–35,Male,1
U00985,sara25,21,18–25,Male,1
U00986,crystalharris,25,18–25,Male,2
U00987,jonathanhanson,27,26–35,Female,1
U00988,haley70,21,18–25,Female,1
U00989,dillonmatthew,26,26–35,Male,12
U00990,nunezsandra,20,18–25,Male,1
U00991,fernandezkristen,30,26–35,Male,1
U00992,achase,22,18–25,Female,4
U00993,jamesarnold,17,<18,Male,1
U00994,chaneyjeremy,29,26–35,Female,1
U00995,yholloway,27,26–35,Female,2
U00996,jon28,24,18–25,Male,1
U00997,vmyers,34,26–35,Female,15
U00998,brendarogers,18,18–25,Male,2
U00999,tshaffer,33,26–35,Female,1
U01000,tara10,16,<18,Female,12
U01001,matthewrobertson,18,18–25,Male,1
U01002,paul47,19,18–25,Male,1
U01003,james19,35,26–35,Male,1
U01004,albertbell,16,<18,Female,1
U01005,zshelton,19,18–25,Male,1
U01006,youngcolleen,19,18–25,Male,2
U01007,thompsonalicia,30,26–35,Male,1
U01008,julie04,18,18–25,Male,2
U01009,jessicamorrow,15,<18,Female,1
U01010,staceybrown,35,26–35,Female,1
U01011,uarnold,18,18–25,Male,1
U01012,aolson,35,26–35,Female,1
U01013,pcook,22,18–25,Male,3
U01014,jessicalong,17,<18,Male,3
U01015,coledennis,29,26–35,Male,15
U01016,nwright,27,26–35,Female,2
U01017,dhernandez,21,18–25,Female,2
U01018,shannonrobertson,23,18–25,Female,1
U01019,monique55,27,26–35,Male,1
U01020,vwhitehead,28,26–35,Male,12
U01021,richardmendez,29,26–35,Female,2
U01022,butlerjessica,17,<18,Male,13
U01023,eford,18,18–25,Male,2
U01024,yandersen,17,<18,Female,3
U01025,tyronepham,34,26–35,Male,1
U01026,montescrystal,33,26–35,Female,1
U01027,candice51,32,26–35,Male,2
U01028,gchapman,23,18–25,Female,2
U01029,mooneyjoseph,15,<18,Male,1
U01030,jkennedy,23,18–25,Female,1
U01031,vasquezsarah,15,<18,Male,13
U01032,brownvanessa,16,<18,Male,14
U01033,dsampson,30,26–35,Male,13
U01034,thomas88,18,18–25,Female,12
U01035,robert02,33,26–35,Male,3
U01036,johnwatson,35,26–35,Male,1
U01037,jeremy46,32,26–35,Female,1
U01038,tanya50,33,26–35,Male,1
U01039,zellis,21,18–25,Female,1
U01040,ecook,21,18–25,Female,1
U01041,nortontiffany,23,18–25,Female,1
U01042,xjohnson,26,26–35,Male,1
U01043,howardtammie,19,18–25,Female,4
U01044,kwhite,31,26–35,Female,1
U01045,brandonperkins,32,26–35,Female,2
U01046,ijordan,28,26–35,Female,1
U01047,sarah46,29,26–35,Female,1
U01048,hwilliams,16,<18,Female,1
U01049,sramirez,34,26–35,Male,2
U01050,charlotte36,25,18–25,Female,1
U01051,fmanning,18,18–25,Female,2
U01052,villakenneth,22,18–25,Female,2
U01053,gonzalesmatthew,26,26–35,Female,1
U01054,jason85,20,18–25,Female,2
U01055,gloria53,22,18–25,Female,1
U01056,heather91,15,<18,Male,2
U01057,mcdowellaudrey,33,26–35,Male,1
U01058,jon17,34,26–35,Female,2
U01059,john53,30,26–35,Male,1
U01060,edwin85,34,26–35,Female,1
U01061,akemp,22,18–25,Female,2
U01062,kellerkaren,22,18–25,Female,1
U01063,djones,31,26–35,Female,1
U01064,nfields,26,26–35,Female,2
U01065,stewartdavid,15,<18,Male,4
U01066,jennifer14,19,18–25,Female,12
U01067,kcurry,17,<18,Male,1
U01068,amercer,32,26–35,Female,2
U01069,jonyoung,35,26–35,Male,1
U01070,mark45,32,26–35,Male,1
U01071,stonecheryl,19,18–25,Female,2
U01072,monica52,32,26–35,Male,1
U01073,kristinrivera,23,18–25,Male,2
U01074,dfoster,26,26–35,Female,1
U01075,rachel61,17,<18,Male,2
U01076,michaelcarr,20,18–25,Male,1
U01077,morenosarah,24,18–25,Female,2
U01078,daniel49,27,26–35,Male,2
U01079,jeffreyallen,21,18–25,Male,13
U01080,ashley40,30,26–35,Female,1
U01081,unewman,26,26–35,Female,1
U01082,harristimothy,25,18–25,Male,1
U01083,markmoore,29,26–35,Male,15
U01084,pwright,24,18–25,Male,13
U01085,bmosley,26,26–35,Female,2
U01086,zhensley,29,26–35,Female,1
U01087,colerobert,19,18–25,Male,1
U01088,paigeryan,21,18–25,Male,2
U01089,stewartdrew,17,<18,Female,1
U01090,lhubbard,25,18–25,Female,2
U01091,lisa81,29,26–35,Female,2
U01092,ureese,34,26–35,Female,15
U01093,vharris,23,18–25,Female,1
U01094,davidmolina,30,26–35,Male,2
U01095,kathleenrios,21,18–25,Female,1
U01096,karen44,18,18–25,Male,16
U01097,aaronhinton,29,26–35,Female,1
U01098,robert85,17,<18,Female,4
U01099,joyweaver,35,26–35,Female,1
U01100,zparrish,24,18–25,Female,3
U01101,nicole06,33,26–35,Male,1
U01102,brian27,23,18–25,Female,2
U01103,ywheeler,22,18–25,Male,4
U01104,russellbryant,29,26–35,Male,1
U01105,brownsusan,27,26–35,Male,1
U01106,johnsjulie,31,26–35,Male,1
U01107,chris50,30,26–35,Female,1
U01108,stoneandrew,16,<18,Male,4
U01109,christopher92,24,18–25,Female,1
U01110,garrettbrandi,23,18–25,Female,2
U01111,fitzgeraldmarie,31,26–35,Male,1
U01112,brownbrian,24,18–25,Female,1
U01113,gdavis,22,18–25,Female,1
U01114,ericksonedward,32,26–35,Male,1
U01115,nmartinez,18,18–25,Male,1
U01116,wgomez,21,18–25,Female,1
U01117,brian45,23,18–25,Female,1
U01118,elliottjoseph,31,26–35,Male,1
U01119,bswanson,17,<18,Female,1
U01120,ashleymarshall,35,26–35,Female,1
U01121,qmcintyre,20,18–25,Male,1
U01122,kathrynsutton,29,26–35,Female,2
U01123,garzamichael,29,26–35,Female,15
U01124,vgill,30,26–35,Female,3
U01125,sandracruz,32,26–35,Female,2
U01126,xdaniels,15,<18,Male,2
U01127,amanda40,28,26–35,Female,3
U01128,vthompson,31,26–35,Female,2
U01129,robertvillegas,28,26–35,Female,1
U01130,calebmclaughlin,28,26–35,Male,1
U01131,jmartinez,25,18–25,Male,3
U01132,sandrabrown,27,26–35,Female,4
U01133,mlee,35,26–35,Female,1
U01134,cameron67,19,18–25,Female,3
U01135,joseph79,22,18–25,Male,1
U01136,carlmcclain,35,26–35,Male,1
U01137,jacobkerr,28,26–35,Female,2
U01138,xrowland,22,18–25,Female,1
U01139,corey88,22,18–25,Female,1
U01140,matthew95,29,26–35,Female,1
U01141,montoyabenjamin,17,<18,Female,1
U01142,monicastevenson,27,26–35,Male,2
U01143,michealwhite,31,26–35,Male,14
U01144,fsanders,29,26–35,Female,2
U01145,hfields,15,<18,Female,1
U01146,ibrown,15,<18,Male,13
U01147,wendy58,15,<18,Male,1
U01148,michaela68,28,26–35,Male,2
U01149,jbrown,26,26–35,Female,4
U01150,nicholeellis,20,18–25,Male,1
U01151,jjimenez,28,26–35,Female,14
U01152,penalisa,34,26–35,Male,1
U01153,stevenbarron,15,<18,Female,1
U01154,joanna92,24,18–25,Male,2
U01155,juan00,32,26–35,Female,4
U01156,roblesjeremy,30,26–35,Male,2
U01157,elizabeth72,31,26–35,Female,4
U01158,zachary52,35,26–35,Male,12
U01159,marissaherrera,26,26–35,Female,1
U01160,jbrewer,15,<18,Female,4
U01161,owensteresa,33,26–35,Male,1
U01162,jacksonspencer,19,18–25,Female,1
U01163,melissabrown,24,18–25,Male,13
U01164,estone,25,18–25,Female,1
U01165,janice83,24,18–25,Male,2
U01166,gcantu,21,18–25,Male,2
U01167,manuelmcdowell,16,<18,Female,11
U01168,dawn22,27,26–35,Female,1
U01169,monicasantos,31,26–35,Female,1
U01170,dwashington,27,26–35,Female,14
U01171,smayo,19,18–25,Male,1
U01172,todd75,30,26–35,Male,3
U01173,cwheeler,26,26–35,Female,3
U01174,denise08,15,<18,Female,1
U01175,melissa04,20,18–25,Female,1
U01176,hooverrobert,20,18–25,Male,3
U01177,keith32,16,<18,Male,13
U01178,michaelholden,21,18–25,Female,2
U01179,alan43,31,26–35,Female,2
U01180,crawfordcarol,18,18–25,Male,13
U01181,zgonzalez,27,26–35,Female,1
U01182,masoncynthia,25,18–25,Female,3
U01183,rogeradams,21,18–25,Female,2
U01184,lopezmackenzie,31,26–35,Male,1
U01185,kdavis,28,26–35,Male,2
U01186,ronaldjohnson,34,26–35,Male,1
U01187,zvasquez,35,26–35,Female,1
U01188,hudsonmelinda,24,18–25,Male,1
U01189,keaton,28,26–35,Male,1
U01190,paulperez,31,26–35,Male,1
U01191,ygray,28,26–35,Female,1
U01192,sarahhampton,20,18–25,Female,1
U01193,tanya85,20,18–25,Female,2
U01194,timothy82,32,26–35,Female,1
U01195,cmurray,23,18–25,Male,1
U01196,mosleychelsea,21,18–25,Female,2
U01197,sharon57,28,26–35,Male,14
U01198,jeffrey72,33,26–35,Female,1
U01199,theresa94,17,<18,Female,1
U01200,phamilton,15,<18,Female,1
U01201,burtonbryan,28,26–35,Male,1
U01202,heidicampos,29,26–35,Female,1
U01203,jared15,15,<18,Male,16
U01204,johnny06,17,<18,Female,3
U01205,vanessagray,27,26–35,Male,2
U01206,seancastaneda,15,<18,Female,1
U01207,rachel72,30,26–35,Female,1
U01208,kimwilliam,27,26–35,Female,1
U01209,maria58,20,18–25,Male,2
U01210,lwheeler,22,18–25,Female,1
U01211,xsaunders,32,26–35,Female,1
U01212,choimichelle,18,18–25,Female,1
U01213,vmathews,20,18–25,Female,1
U01214,twilliams,31,26–35,Female,1
U01215,jessicaboyer,15,<18,Female,1
U01216,robertserin,15,<18,Male,1
U01217,lowerysuzanne,25,18–25,Female,1
U01218,wagnerhenry,34,26–35,Male,1
U01219,christina30,16,<18,Male,1
U01220,jessicamiranda,29,26–35,Female,1
U01221,leonardholmes,32,26–35,Male,13
U01222,banksdebra,19,18–25,Female,3
U01223,teresa46,23,18–25,Female,1
U01224,villanuevagregory,23,18–25,Female,11
U01225,michele28,30,26–35,Female,2
U01226,megan63,31,26–35,Female,2
U01227,geraldspears,15,<18,Male,1
U01228,andrew58,28,26–35,Male,4
U01229,georgereyes,27,26–35,Female,2
U01230,dmanning,23,18–25,Female,3
U01231,kpetersen,21,18–25,Female,14
U01232,elaine98,27,26–35,Female,1
U01233,ztran,28,26–35,Male,11
U01234,johnsingh,27,26–35,Male,1
U01235,zacharybell,27,26–35,Female,14
U01236,brettarroyo,20,18–25,Female,1
U01237,savannah66,24,18–25,Male,13
U01238,stephengarza,35,26–35,Male,1
U01239,steve19,20,18–25,Male,12
U01240,kellywiley,16,<18,Male,1
U01241,leebailey,25,18–25,Male,2
U01242,stoutjennifer,22,18–25,Male,2
U01243,brooksjessica,31,26–35,Female,2
U01244,sanderscindy,30,26–35,Female,14
U01245,fowlerdavid,35,26–35,Male,1
U01246,ujackson,27,26–35,Male,2
U01247,arandall,19,18–25,Male,1
U01248,pleon,16,<18,Male,2
U01249,ahenderson,25,18–25,Male,14
U01250,robert97,27,26–35,Female,15
U01251,ricardobender,29,26–35,Male,2
U01252,natalie03,19,18–25,Female,1
U01253,juliejackson,17,<18,Male,1
U01254,tsmith,23,18–25,Male,1
U01255,belljennifer,29,26–35,Female,4
U01256,steelevincent,32,26–35,Male,1
U01257,kconley,29,26–35,Female,2
U01258,riggsmichael,25,18–25,Male,4
U01259,ericksonpamela,18,18–25,Female,1
U01260,hughesshannon,31,26–35,Female,1
U01261,maxwelljones,25,18–25,Male,13
U01262,crawfordsherri,29,26–35,Female,4
U01263,ymartinez,17,<18,Female,1
U01264,jdavis,15,<18,Male,1
U01265,durhammichelle,23,18–25,Male,2
U01266,paulcampos,18,18–25,Female,14
U01267,markcarpenter,30,26–35,Female,14
U01268,jennifer28,33,26–35,Male,13
U01269,dawnthompson,25,18–25,Female,1
U01270,elizabethbates,19,18–25,Male,2
U01271,michaelhurst,23,18–25,Female,1
U01272,qhernandez,16,<18,Female,1
U01273,johnsonalexander,31,26–35,Female,1
U01274,stevengonzalez,32,26–35,Female,1
U01275,ellismichael,35,26–35,Male,1
U01276,fmiller,27,26–35,Female,2
U01277,antoniotravis,26,26–35,Female,12
U01278,frenchcharles,16,<18,Female,2
U01279,ksalinas,29,26–35,Female,3
U01280,geoffreylong,26,26–35,Female,12
U01281,gibsonkevin,23,18–25,Female,13
U01282,smithpaul,26,26–35,Male,3
U01283,josephrodriguez,15,<18,Male,1
U01284,ashepherd,34,26–35,Female,15
U01285,cunninghampamela,35,26–35,Female,4
U01286,fjohnson,27,26–35,Male,13
U01287,emily69,33,26–35,Female,12
U01288,danieljohnson,18,18–25,Male,2
U01289,vwalker,35,26–35,Female,1
U01290,mario14,16,<18,Male,14
U01291,jtanner,34,26–35,Female,1
U01292,levans,29,26–35,Male,1
U01293,diazraymond,33,26–35,Male,1
U01294,nancyfernandez,30,26–35,Male,1
U01295,scott12,34,26–35,Female,4
U01296,glennrebecca,21,18–25,Female,1
U01297,smallchristian,27,26–35,Male,1
U01298,nancy57,22,18–25,Female,1
U01299,amber65,28,26–35,Female,1
U01300,joseph98,19,18–25,Male,1
U01301,hhernandez,27,26–35,Male,1
U01302,jonathanhawkins,19,18–25,Female,2
U01303,jenniferlawson,23,18–25,Female,2
U01304,pearsonrobert,33,26–35,Female,2
U01305,christinacastaneda,22,18–25,Female,3
U01306,oscott,22,18–25,Male,1
U01307,justinroberts,16,<18,Female,1
U01308,romerochristina,23,18–25,Male,1
U01309,tpowell,35,26–35,Male,2
U01310,hallaaron,21,18–25,Female,3
U01311,mark71,27,26–35,Male,1
U01312,churchpatrick,16,<18,Male,1
U01313,nicholas58,31,26–35,Male,3
U01314,stevenmurphy,26,26–35,Female,2
U01315,bryantjacob,33,26–35,Male,13
U01316,brownjonathan,31,26–35,Female,1
U01317,thompsonkathleen,32,26–35,Female,1
U01318,angelaward,18,18–25,Female,14
U01319,whitejeffrey,25,18–25,Male,1
U01320,wfrancis,20,18–25,Male,4
U01321,vdunn,35,26–35,Male,14
U01322,julieblair,26,26–35,Female,12
U01323,lhood,15,<18,Male,2
U01324,contrerasderek,24,18–25,Male,1
U01325,ugraves,18,18–25,Female,2
U01326,zmoore,15,<18,Female,2
U01327,yrangel,23,18–25,Male,1
U01328,amybush,27,26–35,Male,1
U01329,bettyunderwood,15,<18,Female,1
U01330,phillipspatrick,20,18–25,Female,2
U01331,qmartin,16,<18,Male,13
U01332,kiara65,20,18–25,Male,12
U01333,amiller,15,<18,Male,1
U01334,stricklandrachel,35,26–35,Female,13
U01335,markpotter,16,<18,Female,1
U01336,isabella45,33,26–35,Male,14
U01337,williamsrobert,32,26–35,Female,16
U01338,tina99,15,<18,Male,3
U01339,ryan92,35,26–35,Male,2
U01340,kristinpatton,32,26–35,Female,2
U01341,tellison,29,26–35,Male,3
U01342,amorgan,25,18–25,Male,2
U01343,sweeneymelinda,32,26–35,Male,14
U01344,ipeters,25,18–25,Female,14
U01345,hamiltondavid,19,18–25,Male,1
U01346,erinjohnston,16,<18,Male,15
U01347,brandonjones,20,18–25,Male,13
U01348,livingstonrachel,29,26–35,Female,2
U01349,kristin57,26,26–35,Male,1
U01350,jay37,16,<18,Female,13
U01351,luisortiz,16,<18,Male,2
U01352,emilyberg,25,18–25,Male,13
U01353,victoriawatkins,20,18–25,Female,1
U01354,usalazar,15,<18,Male,2
U01355,parrishkevin,28,26–35,Female,13
U01356,johnsonrenee,26,26–35,Female,3
U01357,jeffreyhall,28,26–35,Female,1
U01358,annalester,31,26–35,Male,1
U01359,mwarner,18,18–25,Female,2
U01360,kingdarren,22,18–25,Female,1
U01361,kelli73,31,26–35,Male,1
U01362,zwalsh,26,26–35,Male,3
U01363,perezsarah,25,18–25,Male,2
U01364,pkoch,16,<18,Female,13
U01365,thull,25,18–25,Male,14
U01366,ltaylor,29,26–35,Female,1
U01367,baxtersamantha,22,18–25,Male,1
U01368,patrickkari,24,18–25,Female,1
U01369,alexandra74,21,18–25,Male,1
U01370,joseph11,21,18–25,Female,3
U01371,lynn61,22,18–25,Male,1
U01372,maryrogers,19,18–25,Female,1
U01373,wongmichelle,24,18–25,Male,1
U01374,derrick45,32,26–35,Female,1
U01375,fwalker,22,18–25,Male,13
U01376,gregory21,28,26–35,Male,1
U01377,silvaamy,16,<18,Male,4
U01378,turnerkelly,35,26–35,Male,2
U01379,carloliver,22,18–25,Male,2
U01380,susan26,26,26–35,Male,1
U01381,danielle11,15,<18,Male,1
U01382,iansloan,22,18–25,Female,1
U01383,gallagherandrea,32,26–35,Male,1
U01384,tfrederick,23,18–25,Female,3
U01385,tbryant,33,26–35,Female,1
U01386,tomibarra,16,<18,Male,1
U01387,ronaldberg,21,18–25,Female,1
U01388,mnelson,27,26–35,Male,1
U01389,pattersoncharles,30,26–35,Male,1
U01390,eriley,33,26–35,Female,2
U01391,moranthomas,30,26–35,Male,1
U01392,donaldjohnson,29,26–35,Female,3
U01393,eric14,30,26–35,Male,1
U01394,mannchristopher,26,26–35,Female,14
U01395,marshallsherry,31,26–35,Male,14
U01396,ogreene,17,<18,Female,3
U01397,victoria70,28,26–35,Male,13
U01398,craigsosa,23,18–25,Female,1
U01399,mitchellcarlos,20,18–25,Male,16
U01400,heather82,21,18–25,Female,1
U01401,jeffdavis,19,18–25,Female,1
U01402,guerrerojason,19,18–25,Female,4
U01403,cindy97,27,26–35,Male,1
U01404,hoffmanjennifer,18,18–25,Female,1
U01405,amandamoore,35,26–35,Male,12
U01406,yjimenez,21,18–25,Female,1
U01407,lisaperez,34,26–35,Female,1
U01408,lortiz,18,18–25,Male,2
U01409,jason20,31,26–35,Male,4
U01410,bradley01,17,<18,Male,1
U01411,davidsonrandy,21,18–25,Male,15
U01412,mitchelldavid,16,<18,Male,3
U01413,driley,24,18–25,Male,1
U01414,david25,35,26–35,Female,16
U01415,uhudson,18,18–25,Male,3
U01416,walkerbrandon,22,18–25,Female,2
U01417,katherinehaynes,26,26–35,Female,2
U01418,kcastaneda,20,18–25,Female,1
U01419,qwright,34,26–35,Female,2
U01420,eric82,34,26–35,Female,3
U01421,katelyncastro,22,18–25,Male,1
U01422,ashleynorton,16,<18,Male,2
U01423,elizabethpatrick,25,18–25,Male,1
U01424,edgar29,28,26–35,Female,1
U01425,usanchez,25,18–25,Female,1
U01426,mramirez,24,18–25,Male,1
U01427,harrisalec,25,18–25,Male,1
U01428,robertsonjennifer,35,26–35,Female,1
U01429,bonniegreen,31,26–35,Female,15
U01430,travislaura,19,18–25,Female,13
U01431,amanda65,34,26–35,Female,2
U01432,josephanderson,17,<18,Female,12
U01433,kgibson,16,<18,Female,2
U01434,villanuevatammy,24,18–25,Male,2
U01435,kaylaruiz,16,<18,Male,13
U01436,allison21,34,26–35,Female,2
U01437,gabrielle52,33,26–35,Female,1
U01438,randymorrison,30,26–35,Female,4
U01439,mcarter,22,18–25,Male,1
U01440,garzakatherine,20,18–25,Female,2
U01441,rogerschristine,24,18–25,Female,1
U01442,pcurry,34,26–35,Female,3
U01443,traceyandrews,17,<18,Female,2
U01444,matthew02,29,26–35,Male,2
U01445,vtran,29,26–35,Male,12
U01446,samuelbenton,32,26–35,Female,1
U01447,fpark,17,<18,Female,1
U01448,lori27,25,18–25,Female,1
U01449,xwalker,34,26–35,Male,2
U01450,crystal02,16,<18,Female,11
U01451,jessicaturner,17,<18,Male,11
U01452,donaldmendoza,23,18–25,Male,2
U01453,sandra01,17,<18,Male,2
U01454,terrybryce,18,18–25,Female,2
U01455,arielwilliams,22,18–25,Female,14
U01456,gentrybethany,30,26–35,Male,1
U01457,huntertamara,27,26–35,Male,1
U01458,nmoore,24,18–25,Male,1
U01459,elizabethwatkins,17,<18,Female,1
U01460,pvazquez,32,26–35,Female,13
U01461,landerson,16,<18,Male,1
U01462,vbuchanan,27,26–35,Male,1
U01463,jerome86,30,26–35,Female,13
U01464,iyoung,33,26–35,Male,1
U01465,kgonzalez,33,26–35,Male,2
U01466,williamluna,22,18–25,Male,2
U01467,reynoldsdennis,19,18–25,Female,1
U01468,tvillanueva,28,26–35,Female,2
U01469,andersonbrandi,29,26–35,Female,2
U01470,jyoung,28,26–35,Male,2
U01471,garciachristine,19,18–25,Female,1
U01472,william95,27,26–35,Female,12
U01473,nicolewalter,17,<18,Female,15
U01474,sherryfowler,20,18–25,Male,2
U01475,richardrocha,20,18–25,Male,15
U01476,kenneth36,35,26–35,Female,1
U01477,phamtiffany,17,<18,Female,1
U01478,lindaparrish,35,26–35,Female,1
U01479,kathleenlewis,25,18–25,Female,1
U01480,zsmith,20,18–25,Female,1
U01481,david54,20,18–25,Male,1
U01482,amanda99,17,<18,Male,2
U01483,morrisonrebecca,18,18–25,Male,1
U01484,travisroman,17,<18,Male,1
U01485,holtjohn,16,<18,Male,1
U01486,dwilliams,17,<18,Male,1
U01487,david91,17,<18,Female,2
U01488,lawsonbeth,27,26–35,Male,12
U01489,mmacdonald,27,26–35,Male,1
U01490,whenry,19,18–25,Female,1
U01491,zfinley,17,<18,Female,3
U01492,bettywillis,23,18–25,Female,4
U01493,lmatthews,18,18–25,Female,1
U01494,twalker,32,26–35,Male,1
U01495,xsanchez,31,26–35,Female,1
U01496,katelynanderson,22,18–25,Female,13
U01497,ccrawford,35,26–35,Female,13
U01498,joshuacastillo,15,<18,Male,1
U01499,morrisdaniel,30,26–35,Female,1
U01500,lindsey29,15,<18,Male,13
U01501,dawnmccarty,23,18–25,Male,1
U01502,stephen90,28,26–35,Female,1
U01503,julie92,30,26–35,Female,1
U01504,qblack,31,26–35,Male,1
U01505,haley15,35,26–35,Male,3
U01506,nancy99,34,26–35,Male,15
U01507,aboyd,18,18–25,Female,3
U01508,ljohnson,34,26–35,Male,1
U01509,benjamin24,15,<18,Female,1
U01510,reginald30,16,<18,Female,2
U01511,garycarr,15,<18,Male,13
U01512,stevensexton,19,18–25,Male,12
U01513,valerieharmon,23,18–25,Male,1
U01514,craig92,25,18–25,Male,1
U01515,rossanthony,35,26–35,Female,1
U01516,daviddavis,19,18–25,Male,1
U01517,lindsaykelly,26,26–35,Male,14
U01518,carolgamble,21,18–25,Male,1
U01519,christopher18,16,<18,Male,2
U01520,mhayes,26,26–35,Female,1
U01521,georgeerin,34,26–35,Female,1
U01522,vnelson,31,26–35,Female,14
U01523,egutierrez,16,<18,Male,1
U01524,adam56,30,26–35,Female,1
U01525,lisa07,32,26–35,Female,2
U01526,jeremyarnold,20,18–25,Male,12
U01527,lucas92,29,26–35,Female,1
U01528,thompsontammy,16,<18,Male,14
U01529,wgraves,19,18–25,Female,3
U01530,qhorton,16,<18,Male,15
U01531,brianberry,30,26–35,Female,14
U01532,alexanderjacob,28,26–35,Female,1
U01533,rebecca74,16,<18,Female,3
U01534,robertpeters,28,26–35,Male,1
U01535,khernandez,20,18–25,Male,4
U01536,guerrerotonya,33,26–35,Female,12
U01537,qroberts,27,26–35,Female,3
U01538,thompsonjack,27,26–35,Female,1
U01539,hmcdaniel,24,18–25,Female,1
U01540,arroyojohn,30,26–35,Female,1
U01541,barrerajohn,29,26–35,Female,4
U01542,jsmith,18,18–25,Female,1
U01543,smithjames,25,18–25,Female,16
U01544,cphillips,31,26–35,Female,1
U01545,ganderson,15,<18,Female,1
U01546,stefanie21,34,26–35,Male,1
U01547,cookdesiree,17,<18,Male,2
U01548,travis26,35,26–35,Female,1
U01549,katherinerobertson,34,26–35,Female,1
U01550,raymond40,16,<18,Male,1
U01551,julian48,16,<18,Male,1
U01552,krussell,32,26–35,Male,1
U01553,melinda52,27,26–35,Male,15
U01554,smithcarl,20,18–25,Male,4
U01555,parkerrobert,23,18–25,Female,1
U01556,benjamin25,23,18–25,Female,2
U01557,rossdiane,17,<18,Male,1
U01558,deborah16,32,26–35,Male,1
U01559,brownthomas,19,18–25,Male,1
U01560,vickibrown,24,18–25,Male,1
U01561,miranda44,32,26–35,Male,1
U01562,crawfordmark,18,18–25,Female,1
U01563,tiffanylopez,35,26–35,Female,1
U01564,vpena,28,26–35,Female,1
U01565,daniellyons,32,26–35,Male,1
U01566,buckdenise,29,26–35,Male,1
U01567,olivia94,22,18–25,Male,1
U01568,maldonadoandrew,26,26–35,Female,3
U01569,laurasmith,35,26–35,Male,1
U01570,smithmark,31,26–35,Male,2
U01571,nicolerobinson,19,18–25,Male,2
U01572,harrisonstephen,29,26–35,Female,1
U01573,jenniferscott,18,18–25,Female,2
U01574,whitemercedes,17,<18,Male,1
U01575,richardsontammy,15,<18,Female,13
U01576,charlessmith,35,26–35,Male,2
U01577,parkerkatelyn,30,26–35,Male,1
U01578,talvarado,26,26–35,Male,15
U01579,clewis,31,26–35,Male,1
U01580,ryanmoreno,15,<18,Female,2
U01581,lori53,30,26–35,Male,2
U01582,kingkristen,16,<18,Male,1
U01583,daniel76,30,26–35,Female,1
U01584,steven45,32,26–35,Male,1
U01585,vclark,27,26–35,Male,11
U01586,bobby05,27,26–35,Male,14
U01587,greg26,27,26–35,Male,2
U01588,williamwalker,32,26–35,Male,1
U01589,harristravis,16,<18,Female,1
U01590,erinjohnson,33,26–35,Male,1
U01591,robert84,32,26–35,Female,2
U01592,travisweber,33,26–35,Male,4
U01593,susan32,34,26–35,Male,1
U01594,rking,35,26–35,Male,1
U01595,ronaldperry,15,<18,Male,2
U01596,yorkerica,22,18–25,Male,2
U01597,sarahhopkins,21,18–25,Female,1
U01598,zlevine,30,26–35,Female,1
U01599,tracy23,29,26–35,Female,1
U01600,sanderselizabeth,29,26–35,Female,1
U01601,phall,23,18–25,Female,2
U01602,davisangel,31,26–35,Female,13
U01603,kennethmartinez,32,26–35,Male,2
U01604,kevinmeza,31,26–35,Female,1
U01605,acurtis,18,18–25,Male,1
U01606,mdavies,17,<18,Female,1
U01607,ryan98,25,18–25,Male,1
U01608,debbie14,15,<18,Female,1
U01609,jonesjoan,15,<18,Male,1
U01610,kgarcia,31,26–35,Male,1
U01611,sheilawilson,27,26–35,Male,1
U01612,htaylor,29,26–35,Male,1
U01613,alex16,25,18–25,Male,1
U01614,mcarpenter,17,<18,Male,1
U01615,allisonpeters,29,26–35,Male,1
U01616,lcalderon,20,18–25,Male,1
U01617,marquezedward,21,18–25,Male,1
U01618,victoriawebster,15,<18,Female,13
U01619,dbrown,20,18–25,Female,1
U01620,dtorres,19,18–25,Female,1
U01621,kylebell,16,<18,Female,2
U01622,scottkennedy,15,<18,Female,1
U01623,sarathomas,23,18–25,Male,1
U01624,markwells,34,26–35,Female,4
U01625,taylorjoshua,33,26–35,Female,3
U01626,amythornton,26,26–35,Female,1
U01627,collinslisa,23,18–25,Female,13
U01628,emilymartin,26,26–35,Male,14
U01629,hansondennis,28,26–35,Female,1
U01630,laurie24,33,26–35,Male,1
U01631,aaron63,18,18–25,Female,2
U01632,ygarcia,21,18–25,Male,1
U01633,randy38,34,26–35,Male,1
U01634,kevin78,35,26–35,Male,1
U01635,candrews,18,18–25,Female,14
U01636,stevenknapp,19,18–25,Male,1
U01637,ferrellgeorge,30,26–35,Male,13
U01638,jonathan56,26,26–35,Male,1
U01639,ubridges,27,26–35,Male,1
U01640,taylorkimberly,23,18–25,Female,1
U01641,bbowen,17,<18,Male,1
U01642,juliehernandez,26,26–35,Male,1
U01643,moorejulia,25,18–25,Male,1
U01644,katherine11,23,18–25,Male,3
U01645,curtis73,19,18–25,Male,3
U01646,wrojas,28,26–35,Female,1
U01647,smithvincent,17,<18,Female,13
U01648,mmosley,22,18–25,Female,4
U01649,maryharris,35,26–35,Male,13
U01650,bethpalmer,33,26–35,Male,1
U01651,anthonygomez,25,18–25,Female,1
U01652,markharper,35,26–35,Male,2
U01653,richard46,21,18–25,Female,1
U01654,lori03,22,18–25,Female,15
U01655,austinlee,23,18–25,Male,1
U01656,norrisdakota,27,26–35,Male,12
U01657,lopezjesse,22,18–25,Female,1
U01658,spencer81,31,26–35,Female,1
U01659,brendarodriguez,27,26–35,Female,3
U01660,clinton81,25,18–25,Female,2
U01661,tracywilson,27,26–35,Female,1
U01662,dustin08,28,26–35,Male,15
U01663,sandra93,28,26–35,Female,2
U01664,sara98,23,18–25,Female,2
U01665,kimberly94,34,26–35,Female,4
U01666,fbarber,28,26–35,Female,14
U01667,sandrastewart,23,18–25,Female,1
U01668,alambert,27,26–35,Female,1
U01669,julie64,30,26–35,Female,2
U01670,justin64,19,18–25,Male,1
U01671,apugh,25,18–25,Male,15
U01672,carolynfriedman,15,<18,Male,1
U01673,francosusan,16,<18,Male,1
U01674,carl17,27,26–35,Female,14
U01675,douglasthompson,17,<18,Male,1
U01676,odunn,22,18–25,Male,1
U01677,mistypowell,22,18–25,Male,2
U01678,christina89,31,26–35,Female,1
U01679,collinstracy,16,<18,Female,1
U01680,slynch,30,26–35,Male,1
U01681,brownryan,33,26–35,Male,1
U01682,josephbrown,21,18–25,Male,2
U01683,christywoods,19,18–25,Female,1
U01684,meganwhite,26,26–35,Female,2
U01685,jameslarson,26,26–35,Female,1
U01686,nathan53,32,26–35,Male,1
U01687,dianaburnett,23,18–25,Female,2
U01688,valeriegalvan,28,26–35,Female,2
U01689,burnsjoel,30,26–35,Female,1
U01690,lori78,27,26–35,Male,4
U01691,morantoni,22,18–25,Male,1
U01692,davidsonmark,26,26–35,Male,12
U01693,samantha22,21,18–25,Male,2
U01694,david68,35,26–35,Male,1
U01695,christine15,32,26–35,Male,13
U01696,james12,31,26–35,Female,2
U01697,whicks,35,26–35,Male,1
U01698,billyrivera,28,26–35,Female,1
U01699,michael90,23,18–25,Female,1
U01700,pagemichelle,25,18–25,Female,1
U01701,tracy73,22,18–25,Male,1
U01702,ronaldalexander,21,18–25,Female,14
U01703,hhogan,21,18–25,Male,3
U01704,ojohnston,30,26–35,Female,2
U01705,riddleryan,28,26–35,Male,1
U01706,zcarter,17,<18,Female,1
U01707,brettcampbell,32,26–35,Male,3
U01708,ymorton,22,18–25,Male,14
U01709,klandry,35,26–35,Female,1
U01710,amandajackson,32,26–35,Male,1
U01711,kyleharris,15,<18,Female,1
U01712,millerkevin,30,26–35,Male,1
U01713,dholland,15,<18,Male,4
U01714,patricia40,24,18–25,Female,1
U01715,edwardsjose,27,26–35,Male,1
U01716,asalinas,22,18–25,Female,1
U01717,heather15,20,18–25,Male,1
U01718,michelledecker,23,18–25,Male,1
U01719,ooliver,32,26–35,Female,1
U01720,stoutaustin,21,18–25,Female,15
U01721,lperry,15,<18,Female,10
U01722,dale82,30,26–35,Female,1
U01723,maryharrison,32,26–35,Female,1
U01724,juan81,17,<18,Male,16
U01725,klinekevin,33,26–35,Male,2
U01726,qschwartz,32,26–35,Female,13
U01727,zachary70,15,<18,Female,1
U01728,lmclaughlin,33,26–35,Female,2
U01729,michael78,29,26–35,Female,15
U01730,blackkarl,27,26–35,Female,1
U01731,andrewreed,28,26–35,Male,1
U01732,xferrell,17,<18,Female,2
U01733,jeffreyprice,20,18–25,Female,4
U01734,oortega,29,26–35,Male,3
U01735,brentanderson,29,26–35,Male,1
U01736,leah74,17,<18,Male,1
U01737,scottnelson,23,18–25,Male,1
U01738,aortiz,16,<18,Female,1
U01739,mauriceponce,19,18–25,Male,1
U01740,johnbridges,20,18–25,Male,1
U01741,uadams,30,26–35,Male,2
U01742,lyork,30,26–35,Female,2
U01743,mhunter,15,<18,Male,1
U01744,john10,22,18–25,Male,4
U01745,jasonwatts,21,18–25,Female,13
U01746,jodiortega,24,18–25,Male,14
U01747,kyle18,19,18–25,Female,4
U01748,williamsadam,22,18–25,Male,1
U01749,fmiles,31,26–35,Female,1
U01750,stephanieshaw,24,18–25,Male,4
U01751,mcbridepatrick,25,18–25,Female,1
U01752,johnharris,34,26–35,Female,4
U01753,kirbyelijah,17,<18,Female,1
U01754,qdiaz,22,18–25,Male,1
U01755,andrewskelly,26,26–35,Female,1
U01756,uortiz,21,18–25,Male,2
U01757,ycarter,26,26–35,Female,1
U01758,yhall,16,<18,Female,1
U01759,pwebster,21,18–25,Male,1
U01760,eric06,19,18–25,Male,1
U01761,mark03,31,26–35,Male,2
U01762,dustin24,33,26–35,Male,15
U01763,sharon32,24,18–25,Male,1
U01764,cowanaustin,30,26–35,Male,2
U01765,patrick83,24,18–25,Female,1
U01766,michaelmiller,33,26–35,Female,3
U01767,thomas29,15,<18,Female,1
U01768,turnercorey,26,26–35,Female,2
U01769,khanrenee,15,<18,Male,4
U01770,daviselizabeth,22,18–25,Female,2
U01771,calebmorgan,21,18–25,Male,3
U01772,elizabethrodriguez,32,26–35,Female,1
U01773,tanya67,17,<18,Male,16
U01774,holly96,17,<18,Male,1
U01775,nancyhart,31,26–35,Female,2
U01776,websterkaren,30,26–35,Female,2
U01777,justin83,27,26–35,Male,1
U01778,phillip31,24,18–25,Female,2
U01779,sarahtrujillo,31,26–35,Male,1
U01780,smithtimothy,27,26–35,Male,1
U01781,cortezmorgan,30,26–35,Male,1
U01782,david48,17,<18,Female,1
U01783,mcconnellerica,28,26–35,Male,3
U01784,ccarr,32,26–35,Female,1
U01785,masonrachel,34,26–35,Female,1
U01786,joseph21,25,18–25,Female,13
U01787,kristin95,30,26–35,Female,2
U01788,sayers,15,<18,Male,2
U01789,rodriguezjacob,33,26–35,Female,15
U01790,jerrydavidson,25,18–25,Male,1
U01791,richardrandy,31,26–35,Female,2
U01792,charlottelewis,15,<18,Male,1
U01793,alexandrawright,30,26–35,Male,1
U01794,mcbrideamy,26,26–35,Male,1
U01795,wtorres,15,<18,Female,13
U01796,catherinegonzales,15,<18,Male,1
U01797,linda33,33,26–35,Male,1
U01798,gregoryjenkins,18,18–25,Male,1
U01799,jacobssusan,33,26–35,Female,1
U01800,melaniejacobson,25,18–25,Female,2
U01801,julialong,20,18–25,Male,1
U01802,oharris,15,<18,Female,1
U01803,brett15,27,26–35,Female,3
U01804,nicoletaylor,20,18–25,Female,2
U01805,bridget73,21,18–25,Male,15
U01806,hgomez,26,26–35,Male,1
U01807,veronica27,31,26–35,Male,2
U01808,stephenwebster,15,<18,Male,3
U01809,alexanderyork,24,18–25,Female,13
U01810,bridgetjohnson,15,<18,Female,15
U01811,lauriejoyce,28,26–35,Female,1
U01812,drussell,17,<18,Male,15
U01813,williamstone,24,18–25,Female,1
U01814,gwilliams,17,<18,Female,3
U01815,younggina,30,26–35,Male,1
U01816,dwayneatkins,21,18–25,Male,2
U01817,hillbrian,33,26–35,Male,1
U01818,samuel96,15,<18,Male,2
U01819,kmontgomery,17,<18,Male,1
U01820,vmorrow,24,18–25,Male,15
U01821,blankenshipmichael,22,18–25,Male,1
U01822,harriseric,22,18–25,Male,15
U01823,djarvis,22,18–25,Male,1
U01824,austinbethany,20,18–25,Male,1
U01825,jeff93,25,18–25,Male,14
U01826,jenniferfields,17,<18,Male,1
U01827,mitchellmarsh,28,26–35,Male,1
U01828,molly55,21,18–25,Male,1
U01829,walkerlisa,27,26–35,Male,2
U01830,james96,15,<18,Male,1
U01831,eherrera,34,26–35,Female,1
U01832,rebecca57,24,18–25,Male,1
U01833,brittneyphillips,16,<18,Male,2
U01834,rebecca24,33,26–35,Female,1
U01835,williamfranklin,27,26–35,Male,2
U01836,daniel27,32,26–35,Female,1
U01837,ogutierrez,24,18–25,Female,1
U01838,haynesrobert,24,18–25,Male,2
U01839,kmelton,22,18–25,Female,1
U01840,bradley44,35,26–35,Female,14
U01841,jessicagonzalez,18,18–25,Female,1
U01842,serranoandre,33,26–35,Female,13
U01843,tiffany83,19,18–25,Female,1
U01844,colemanmelissa,18,18–25,Female,1
U01845,andrewbell,17,<18,Female,1
U01846,kevinalexander,21,18–25,Female,2
U01847,ujohnson,18,18–25,Female,1
U01848,jhoward,30,26–35,Female,1
U01849,elizabethfloyd,23,18–25,Male,1
U01850,justin74,29,26–35,Female,3
U01851,abarnes,20,18–25,Male,4
U01852,schwartzgregory,19,18–25,Female,4
U01853,boydsherry,31,26–35,Male,1
U01854,pruittdavid,16,<18,Male,13
U01855,krichardson,15,<18,Female,1
U01856,cohenlauren,27,26–35,Male,1
U01857,aprilvincent,27,26–35,Female,2
U01858,clarkebianca,34,26–35,Female,1
U01859,thomas50,24,18–25,Female,1
U01860,bhardy,19,18–25,Male,3
U01861,ddominguez,28,26–35,Female,2
U01862,daniel53,24,18–25,Male,1
U01863,wlopez,26,26–35,Male,1
U01864,michelleharper,15,<18,Male,1
U01865,josephwilson,18,18–25,Male,4
U01866,davidharrell,25,18–25,Male,1
U01867,monica16,24,18–25,Female,13
U01868,leslie60,27,26–35,Female,2
U01869,obennett,32,26–35,Male,1
U01870,edwin11,28,26–35,Female,1
U01871,danielparks,21,18–25,Male,14
U01872,gatesbrittany,28,26–35,Female,14
U01873,jason10,26,26–35,Male,1
U01874,lancelove,15,<18,Female,1
U01875,williamhardy,30,26–35,Male,1
U01876,pam38,17,<18,Male,14
U01877,elizabethmassey,19,18–25,Male,12
U01878,nlopez,20,18–25,Female,1
U01879,davidkemp,32,26–35,Female,15
U01880,amy23,26,26–35,Female,2
U01881,paulatanner,30,26–35,Male,1
U01882,amitchell,30,26–35,Female,3
U01883,william23,30,26–35,Female,1
U01884,michelle01,20,18–25,Male,1
U01885,pwebb,25,18–25,Female,1
U01886,achavez,17,<18,Male,1
U01887,mcintoshdaniel,21,18–25,Female,1
U01888,jonathan59,15,<18,Female,1
U01889,bradshawcarol,30,26–35,Female,1
U01890,scampos,18,18–25,Female,1
U01891,darylmooney,35,26–35,Female,1
U01892,wmurphy,16,<18,Male,1
U01893,michaelsloan,23,18–25,Female,12
U01894,richardsonchristopher,35,26–35,Male,1
U01895,danieldavis,35,26–35,Female,1
U01896,rjones,32,26–35,Female,12
U01897,adixon,15,<18,Female,1
U01898,gloria83,26,26–35,Male,1
U01899,bwall,25,18–25,Female,2
U01900,qwood,19,18–25,Male,11
U01901,nkim,23,18–25,Male,1
U01902,parsonskathryn,30,26–35,Female,1
U01903,sandersjacob,17,<18,Female,13
U01904,lambertamy,17,<18,Male,1
U01905,suttonlaura,24,18–25,Female,2
U01906,hporter,19,18–25,Male,15
U01907,hmitchell,15,<18,Male,2
U01908,elizabethjackson,19,18–25,Male,12
U01909,sjennings,25,18–25,Male,3
U01910,leah34,28,26–35,Male,1
U01911,ywhitaker,22,18–25,Male,1
U01912,fletcherdestiny,24,18–25,Female,1
U01913,ethan70,24,18–25,Male,1
U01914,ryanadkins,32,26–35,Female,1
U01915,madisonwise,34,26–35,Female,2
U01916,annaliu,29,26–35,Male,1
U01917,juanward,18,18–25,Female,15
U01918,gfleming,23,18–25,Male,14
U01919,kyleconway,16,<18,Female,1
U01920,matthewkennedy,33,26–35,Male,13
U01921,nguyenkayla,24,18–25,Male,2
U01922,jjohnson,21,18–25,Male,2
U01923,travismartin,19,18–25,Male,1
U01924,rhonda09,20,18–25,Male,2
U01925,bgarcia,33,26–35,Male,1
U01926,harrisbobby,26,26–35,Female,13
U01927,psummers,27,26–35,Female,1
U01928,annehogan,33,26–35,Female,1
U01929,jonathan04,19,18–25,Male,14
U01930,kelleyphillip,28,26–35,Female,1
U01931,bcrawford,23,18–25,Female,11
U01932,reginaldaustin,25,18–25,Male,1
U01933,baileyapril,27,26–35,Female,2
U01934,imoore,22,18–25,Male,14
U01935,morgan05,33,26–35,Female,1
U01936,aramsey,23,18–25,Male,2
U01937,hcharles,21,18–25,Female,1
U01938,cynthiakoch,33,26–35,Female,2
U01939,wayne63,35,26–35,Male,4
U01940,shaffertravis,16,<18,Female,2
U01941,charlessullivan,26,26–35,Female,1
U01942,mike82,27,26–35,Male,1
U01943,james23,17,<18,Male,14
U01944,lisa00,19,18–25,Female,2
U01945,bakerkimberly,29,26–35,Female,1
U01946,oschmidt,19,18–25,Female,1
U01947,gilmorebrent,27,26–35,Female,1
U01948,keith04,33,26–35,Female,1
U01949,iwest,19,18–25,Male,1
U01950,juarezkatherine,29,26–35,Male,2
U01951,tara17,19,18–25,Female,3
U01952,williamscaleb,15,<18,Female,2
U01953,stevenfox,19,18–25,Male,15
U01954,ujoyce,35,26–35,Male,1
U01955,ochoaphillip,29,26–35,Female,1
U01956,jlong,34,26–35,Male,1
U01957,carl93,30,26–35,Male,1
U01958,elopez,16,<18,Male,12
U01959,sandrarogers,26,26–35,Female,12
U01960,molinacarly,19,18–25,Female,1
U01961,jordancole,30,26–35,Male,14
U01962,ramosvalerie,19,18–25,Male,11
U01963,pricejessica,30,26–35,Male,1
U01964,mayandrea,32,26–35,Male,4
U01965,ppham,19,18–25,Female,1
U01966,lthornton,25,18–25,Female,4
U01967,jamespoole,27,26–35,Female,1
U01968,riveralisa,30,26–35,Female,2
U01969,beckkim,26,26–35,Male,1
U01970,janetsnyder,16,<18,Female,2
U01971,davidsmith,17,<18,Female,1
U01972,jennifer19,18,18–25,Male,1
U01973,parsonsdeanna,30,26–35,Male,1
U01974,ashley84,31,26–35,Female,2
U01975,brendabaker,29,26–35,Male,1
U01976,pfinley,24,18–25,Male,1
U01977,jesseaguilar,32,26–35,Male,2
U01978,ballardjulie,26,26–35,Male,1
U01979,jerry02,25,18–25,Female,12
U01980,zsanchez,15,<18,Female,1
U01981,zreed,27,26–35,Female,1
U01982,znelson,35,26–35,Female,1
U01983,hrosales,29,26–35,Female,1
U01984,adamlewis,15,<18,Female,1
U01985,wrightjonathan,22,18–25,Female,1
U01986,victor49,29,26–35,Female,1
U01987,ashleyhodges,15,<18,Male,13
U01988,thompsontyler,17,<18,Female,1
U01989,erica39,26,26–35,Female,13
U01990,mcdonaldnancy,16,<18,Male,2
U01991,aliciavance,16,<18,Female,3
U01992,cruzraymond,18,18–25,Male,2
U01993,bradley00,23,18–25,Female,14
U01994,cameronwilliams,20,18–25,Female,11
U01995,evansmarie,35,26–35,Female,1
U01996,brianlittle,29,26–35,Female,1
U01997,melissa23,16,<18,Male,1
U01998,christopher36,23,18–25,Male,15
U01999,marissa62,17,<18,Female,2
U02000,kathryn80,32,26–35,Male,2
U02001,kimberlywilliams,30,26–35,Male,1
U02002,qturner,23,18–25,Female,1
U02003,ledanielle,31,26–35,Male,4
U02004,zdavidson,27,26–35,Male,1
U02005,smithjonathan,27,26–35,Male,1
U02006,mccoysarah,34,26–35,Male,1
U02007,cassieharper,25,18–25,Female,1
U02008,mallory85,25,18–25,Male,1
U02009,singhtracy,34,26–35,Male,1
U02010,harveygregory,31,26–35,Male,14
U02011,lindsaysteele,27,26–35,Male,1
U02012,laurahendricks,17,<18,Female,1
U02013,yjoseph,29,26–35,Female,2
U02014,andrewyoung,23,18–25,Female,3
U02015,christopherrobinson,30,26–35,Male,14
U02016,wlee,25,18–25,Male,1
U02017,kimberlygriffin,22,18–25,Female,2
U02018,melissaedwards,35,26–35,Male,1
U02019,schwartzandrew,25,18–25,Female,3
U02020,davidmorse,18,18–25,Male,1
U02021,ashleygonzales,25,18–25,Female,1
U02022,thomasmichelle,27,26–35,Female,11
U02023,savery,31,26–35,Female,2
U02024,paulmccullough,24,18–25,Female,2
U02025,juliesnyder,21,18–25,Male,1
U02026,danielle92,19,18–25,Female,1
U02027,tami42,28,26–35,Male,1
U02028,mariejohnson,35,26–35,Female,2
U02029,haynesscott,28,26–35,Male,1
U02030,brenda53,28,26–35,Female,1
U02031,simmonsmartin,20,18–25,Male,2
U02032,nwebb,17,<18,Male,2
U02033,jasmineharris,25,18–25,Male,1
U02034,garrettjenkins,31,26–35,Female,1
U02035,andersondavid,32,26–35,Male,15
U02036,james18,26,26–35,Male,2
U02037,wmacias,18,18–25,Female,2
U02038,leonardcalvin,32,26–35,Female,11
U02039,tonyoliver,29,26–35,Male,13
U02040,uphillips,30,26–35,Male,1
U02041,hbarnes,34,26–35,Male,3
U02042,downsjulian,32,26–35,Female,1
U02043,patelrebekah,23,18–25,Female,1
U02044,marilynglover,24,18–25,Female,2
U02045,butlermichael,28,26–35,Female,1
U02046,nicole90,17,<18,Male,1
U02047,mark74,18,18–25,Female,1
U02048,amypayne,19,18–25,Female,1
U02049,dfitzgerald,22,18–25,Male,1
U02050,lcrawford,28,26–35,Male,3
U02051,nielsenannette,31,26–35,Female,1
U02052,whitneylee,21,18–25,Male,2
U02053,crystal60,19,18–25,Female,1
U02054,lmcbride,23,18–25,Male,2
U02055,jose80,33,26–35,Female,14
U02056,smithjamie,35,26–35,Female,1
U02057,timothy68,16,<18,Male,2
U02058,kathleenhernandez,16,<18,Male,13
U02059,gbanks,20,18–25,Female,1
U02060,johnnybennett,31,26–35,Female,3
U02061,cohenbeth,25,18–25,Female,1
U02062,martin27,35,26–35,Male,1
U02063,hmcdonald,26,26–35,Male,2
U02064,debra55,35,26–35,Male,15
U02065,mary34,20,18–25,Male,2
U02066,adamcamacho,18,18–25,Male,1
U02067,kinglaurie,26,26–35,Female,1
U02068,harperjoshua,15,<18,Male,13
U02069,cassandra76,18,18–25,Male,1
U02070,jeffreypham,31,26–35,Female,1
U02071,stevensvalerie,24,18–25,Male,13
U02072,williammarsh,16,<18,Male,1
U02073,parkertara,19,18–25,Female,2
U02074,sburns,27,26–35,Female,14
U02075,stephaniechavez,26,26–35,Male,1
U02076,gardnershane,24,18–25,Female,1
U02077,singhalbert,24,18–25,Male,14
U02078,diamondgonzalez,34,26–35,Female,2
U02079,briancoleman,29,26–35,Female,1
U02080,obrandt,33,26–35,Male,2
U02081,carmenbrooks,19,18–25,Female,2
U02082,richard11,26,26–35,Female,1
U02083,bakertyler,27,26–35,Female,2
U02084,ashley58,21,18–25,Female,3
U02085,sshaffer,22,18–25,Female,1
U02086,xrussell,30,26–35,Male,2
U02087,stonewalter,28,26–35,Female,1
U02088,amandacardenas,18,18–25,Female,1
U02089,dannyrosario,16,<18,Female,1
U02090,kennethhughes,22,18–25,Female,1
U02091,bianca39,27,26–35,Male,3
U02092,tiffany14,25,18–25,Female,1
U02093,joshua56,18,18–25,Male,2
U02094,wrightstephanie,24,18–25,Female,11
U02095,ngeorge,32,26–35,Female,1
U02096,jprice,31,26–35,Male,13
U02097,jeannecole,15,<18,Female,2
U02098,grahamdouglas,25,18–25,Male,13
U02099,christopher01,21,18–25,Female,1
U02100,francisholly,15,<18,Female,1
U02101,paynecourtney,27,26–35,Male,1
U02102,richardsingh,20,18–25,Female,3
U02103,wwalker,33,26–35,Male,3
U02104,billjones,15,<18,Male,1
U02105,kbrown,32,26–35,Female,1
U02106,ryan68,28,26–35,Female,1
U02107,izimmerman,31,26–35,Male,2
U02108,cesar18,27,26–35,Female,1
U02109,monicayoung,23,18–25,Male,1
U02110,nathaniel05,25,18–25,Male,1
U02111,amandamorris,21,18–25,Male,1
U02112,edwin13,22,18–25,Female,2
U02113,johnrangel,28,26–35,Female,2
U02114,stuartriley,32,26–35,Male,1
U02115,sharon51,18,18–25,Male,1
U02116,frank20,32,26–35,Female,1
U02117,rknight,31,26–35,Male,1
U02118,travis60,27,26–35,Male,1
U02119,cookecurtis,24,18–25,Female,1
U02120,garyhaley,19,18–25,Male,2
U02121,pinedaamanda,16,<18,Female,1
U02122,millerjocelyn,32,26–35,Female,2
U02123,oneillcarolyn,32,26–35,Male,2
U02124,smithtony,15,<18,Female,1
U02125,hsharp,31,26–35,Female,13
U02126,pholland,22,18–25,Female,1
U02127,kelleyeric,21,18–25,Female,2
U02128,caleb55,30,26–35,Male,1
U02129,woodholly,20,18–25,Female,2
U02130,kristen77,19,18–25,Male,1
U02131,nathan19,27,26–35,Female,1
U02132,kochjennifer,20,18–25,Female,2
U02133,hwalker,21,18–25,Male,2
U02134,ethomas,31,26–35,Female,1
U02135,heather03,31,26–35,Male,1
U02136,patrick78,33,26–35,Male,1
U02137,debra52,30,26–35,Male,1
U02138,inixon,19,18–25,Female,2
U02139,jorgejohnson,23,18–25,Male,1
U02140,lisahoward,21,18–25,Female,1
U02141,morrisonanthony,17,<18,Male,2
U02142,srose,26,26–35,Female,4
U02143,harveymarie,24,18–25,Male,3
U02144,isaiah46,15,<18,Male,14
U02145,jeffreymartin,16,<18,Female,1
U02146,denise68,17,<18,Male,1
U02147,ernestshaw,33,26–35,Male,15
U02148,criley,31,26–35,Female,1
U02149,yking,21,18–25,Female,15
U02150,blogan,16,<18,Female,1
U02151,jennifer75,18,18–25,Female,13
U02152,foxryan,35,26–35,Female,13
U02153,hallchristopher,18,18–25,Female,13
U02154,david23,16,<18,Male,3
U02155,antonio50,16,<18,Female,14
U02156,christine62,34,26–35,Female,1
U02157,nschmidt,29,26–35,Male,3
U02158,wwhitney,17,<18,Female,4
U02159,gibsonmariah,29,26–35,Female,2
U02160,brenda07,21,18–25,Female,1
U02161,blewis,23,18–25,Female,14
U02162,tsims,25,18–25,Male,1
U02163,kennedydavid,29,26–35,Male,1
U02164,robert57,25,18–25,Female,1
U02165,juan87,18,18–25,Male,1
U02166,xcardenas,27,26–35,Male,1
U02167,thomaswhitney,25,18–25,Female,3
U02168,david71,34,26–35,Male,1
U02169,patricia11,32,26–35,Female,1
U02170,joshuasmith,24,18–25,Male,1
U02171,andersontina,31,26–35,Male,2
U02172,fuentesmaxwell,34,26–35,Male,1
U02173,perezrenee,22,18–25,Female,1
U02174,hornanthony,17,<18,Female,14
U02175,lmurray,15,<18,Female,2
U02176,yglover,23,18–25,Male,1
U02177,xherrera,35,26–35,Male,1
U02178,kellymontoya,21,18–25,Female,1
U02179,rachel77,27,26–35,Female,2
U02180,mhuerta,31,26–35,Female,4
U02181,hbates,27,26–35,Female,2
U02182,maria47,29,26–35,Male,2
U02183,ronald54,19,18–25,Male,1
U02184,whiteheidi,20,18–25,Female,2
U02185,forbessherry,16,<18,Male,2
U02186,zmueller,29,26–35,Male,4
U02187,josephperry,21,18–25,Male,2
U02188,littlejulie,17,<18,Female,1
U02189,angela86,18,18–25,Male,1
U02190,sarah34,19,18–25,Male,4
U02191,potterjessica,24,18–25,Male,4
U02192,agonzalez,22,18–25,Female,2
U02193,matthew54,20,18–25,Male,2
U02194,rhodeskimberly,18,18–25,Male,2
U02195,stoneamy,27,26–35,Female,1
U02196,mirandacooper,31,26–35,Female,1
U02197,mortontheresa,24,18–25,Female,2
U02198,danielhoffman,17,<18,Female,2
U02199,qball,27,26–35,Male,12
U02200,michaelfuentes,23,18–25,Male,2
U02201,lauriealexander,20,18–25,Male,1
U02202,yallen,28,26–35,Male,1
U02203,jeffreymartinez,31,26–35,Female,1
U02204,danny36,16,<18,Female,1
U02205,amiddleton,34,26–35,Female,1
U02206,evansnicole,31,26–35,Male,3
U02207,sandramarshall,33,26–35,Female,1
U02208,ssanders,30,26–35,Male,2
U02209,vmitchell,24,18–25,Male,1
U02210,yvonnemcguire,33,26–35,Male,1
U02211,ericreynolds,23,18–25,Male,1
U02212,jeffrey00,33,26–35,Male,15
U02213,walterwalker,17,<18,Male,1
U02214,prestonerik,20,18–25,Female,4
U02215,robertsonjessica,32,26–35,Male,11
U02216,garciamitchell,26,26–35,Female,2
U02217,williamsmichael,21,18–25,Male,14
U02218,duffymegan,17,<18,Male,1
U02219,benjaminsmith,29,26–35,Male,1
U02220,kathyrobertson,30,26–35,Male,1
U02221,christopher46,19,18–25,Female,1
U02222,pamelajones,23,18–25,Male,1
U02223,wardapril,22,18–25,Female,1
U02224,mbowman,18,18–25,Female,13
U02225,michaelgriffin,33,26–35,Female,2
U02226,gjones,20,18–25,Female,2
U02227,tranrobert,21,18–25,Female,1
U02228,mwheeler,19,18–25,Male,2
U02229,rosejessica,34,26–35,Female,2
U02230,josephgonzalez,32,26–35,Female,1
U02231,josephwilliams,20,18–25,Male,13
U02232,emanning,26,26–35,Female,1
U02233,richardpadilla,28,26–35,Male,2
U02234,toddrodriguez,31,26–35,Female,1
U02235,micheal11,15,<18,Female,2
U02236,ule,24,18–25,Female,1
U02237,joshua94,16,<18,Male,1
U02238,perezmisty,19,18–25,Female,1
U02239,carriefisher,25,18–25,Female,1
U02240,hendersonbrandi,33,26–35,Female,1
U02241,jesseroach,29,26–35,Male,2
U02242,garcialinda,29,26–35,Female,1
U02243,garrettconley,16,<18,Female,1
U02244,jacksonelizabeth,34,26–35,Male,1
U02245,jessicarichardson,22,18–25,Male,1
U02246,brittneyyoung,15,<18,Female,1
U02247,ejohnson,15,<18,Female,1
U02248,meganvasquez,29,26–35,Male,14
U02249,fowlerkimberly,25,18–25,Female,2
U02250,cherylwheeler,19,18–25,Female,13
U02251,alexandrajones,35,26–35,Male,1
U02252,jalexander,29,26–35,Female,2
U02253,lisa45,22,18–25,Female,1
U02254,matthewjackson,17,<18,Female,15
U02255,christopher80,18,18–25,Female,2
U02256,shardin,16,<18,Female,1
U02257,mariecastillo,19,18–25,Female,1
U02258,gordonjulie,21,18–25,Male,16
U02259,barbaramccoy,32,26–35,Female,2
U02260,oevans,16,<18,Female,1
U02261,lawrence64,26,26–35,Male,1
U02262,lindamartinez,31,26–35,Female,3
U02263,rick09,29,26–35,Female,1
U02264,hannahstewart,28,26–35,Female,2
U02265,anne55,33,26–35,Male,2
U02266,holly07,21,18–25,Male,1
U02267,vgilmore,19,18–25,Male,1
U02268,jessicajohnson,29,26–35,Female,2
U02269,ashley22,32,26–35,Male,1
U02270,middletonjames,21,18–25,Male,3
U02271,martinezmichelle,20,18–25,Male,2
U02272,gregory53,23,18–25,Female,1
U02273,timothy26,28,26–35,Male,1
U02274,jenna07,16,<18,Male,2
U02275,lrobinson,23,18–25,Female,2
U02276,joseph36,34,26–35,Female,1
U02277,ljones,28,26–35,Male,1
U02278,reneecurry,20,18–25,Male,1
U02279,nmcdonald,29,26–35,Female,1
U02280,timothywalker,26,26–35,Female,2
U02281,zdavid,34,26–35,Male,1
U02282,xwalsh,25,18–25,Female,1
U02283,kristi24,16,<18,Male,1
U02284,tylerjessica,28,26–35,Male,13
U02285,garciaeric,28,26–35,Female,2
U02286,erin17,32,26–35,Female,1
U02287,stonedana,22,18–25,Male,1
U02288,hvega,32,26–35,Female,15
U02289,vanessa26,15,<18,Male,1
U02290,jennifer26,25,18–25,Male,15
U02291,shelleypeters,31,26–35,Female,2
U02292,michelle07,30,26–35,Male,1
U02293,susan33,30,26–35,Female,1
U02294,richardmathews,26,26–35,Male,1
U02295,karen59,33,26–35,Male,1
U02296,markruiz,27,26–35,Female,1
U02297,nicholas54,28,26–35,Male,1
U02298,william10,22,18–25,Female,1
U02299,millstodd,35,26–35,Female,2
U02300,mccluremary,35,26–35,Male,15
U02301,mary05,18,18–25,Female,13
U02302,adamsheather,30,26–35,Male,2
U02303,dave44,34,26–35,Male,1
U02304,tracy30,21,18–25,Male,1
U02305,hlee,19,18–25,Female,1
U02306,elane,18,18–25,Female,13
U02307,fieldsbarbara,22,18–25,Male,1
U02308,farrellfaith,15,<18,Female,1
U02309,butlerjohn,23,18–25,Female,3
U02310,alexandernichols,15,<18,Male,1
U02311,marshallderek,23,18–25,Female,3
U02312,andrewwallace,28,26–35,Male,1
U02313,fmccullough,24,18–25,Female,1
U02314,weaverkimberly,29,26–35,Male,1
U02315,marissawright,34,26–35,Male,14
U02316,ryanjones,31,26–35,Female,2
U02317,ashleyjefferson,18,18–25,Male,2
U02318,kaylaedwards,24,18–25,Female,1
U02319,zstokes,24,18–25,Female,1
U02320,warrennicole,17,<18,Male,3
U02321,bberger,26,26–35,Female,2
U02322,alexander51,28,26–35,Female,1
U02323,rrodriguez,29,26–35,Female,1
U02324,destiny85,34,26–35,Female,3
U02325,charles25,15,<18,Male,1
U02326,laurenmartinez,32,26–35,Male,2
U02327,richard59,29,26–35,Male,1
U02328,wmorris,22,18–25,Female,3
U02329,julie53,35,26–35,Male,1
U02330,grace46,29,26–35,Female,1
U02331,xschwartz,25,18–25,Female,2
U02332,griffinjon,23,18–25,Male,2
U02333,heatherwilcox,32,26–35,Female,3
U02334,qcooper,23,18–25,Female,2
U02335,bbean,25,18–25,Female,1
U02336,xjones,17,<18,Female,14
U02337,zunigacassandra,18,18–25,Female,13
U02338,cobbkatherine,29,26–35,Female,1
U02339,jacobsonpatrick,33,26–35,Female,1
U02340,christineyates,20,18–25,Male,2
U02341,jonathangarcia,17,<18,Male,13
U02342,djenkins,21,18–25,Male,2
U02343,sarah37,29,26–35,Male,4
U02344,william94,26,26–35,Male,14
U02345,sherrylambert,31,26–35,Male,13
U02346,mistychan,34,26–35,Male,1
U02347,maryterry,27,26–35,Male,1
U02348,sarahdean,20,18–25,Male,1
U02349,hmcguire,27,26–35,Male,14
U02350,matthew42,31,26–35,Female,2
U02351,cindyking,22,18–25,Female,2
U02352,atkinslisa,30,26–35,Female,3
U02353,zleonard,16,<18,Male,1
U02354,melinda15,29,26–35,Female,1
U02355,kathryn89,32,26–35,Female,1
U02356,wjimenez,35,26–35,Male,1
U02357,tanya99,28,26–35,Female,2
U02358,cruzzachary,22,18–25,Male,4
U02359,martinstacey,32,26–35,Female,2
U02360,martin48,18,18–25,Female,1
U02361,timothyperez,26,26–35,Female,2
U02362,julie09,33,26–35,Female,1
U02363,lisaschmidt,15,<18,Male,1
U02364,andrewjackson,29,26–35,Female,1
U02365,nstanton,34,26–35,Female,1
U02366,willierichardson,19,18–25,Female,1
U02367,ccooper,25,18–25,Male,1
U02368,amanda92,31,26–35,Male,4
U02369,jennifer31,16,<18,Male,2
U02370,zray,24,18–25,Male,14
U02371,nicole03,34,26–35,Female,12
U02372,kevinmunoz,35,26–35,Male,3
U02373,tommymiller,22,18–25,Male,2
U02374,herreradavid,22,18–25,Male,3
U02375,jamesvelazquez,33,26–35,Female,1
U02376,sharon88,19,18–25,Female,1
U02377,cnavarro,35,26–35,Male,2
U02378,kevin20,23,18–25,Male,1
U02379,billydonovan,20,18–25,Male,2
U02380,stephenyoung,24,18–25,Female,3
U02381,hhale,31,26–35,Female,1
U02382,tiffany23,32,26–35,Male,1
U02383,ewilson,21,18–25,Male,1
U02384,oliverlori,22,18–25,Male,3
U02385,laurasullivan,30,26–35,Male,1
U02386,anna29,35,26–35,Male,4
U02387,jacobhall,31,26–35,Male,1
U02388,donald35,23,18–25,Male,1
U02389,edward86,33,26–35,Male,2
U02390,jmurphy,28,26–35,Female,2
U02391,tinathomas,20,18–25,Female,1
U02392,jacobsonjason,21,18–25,Male,2
U02393,angela68,18,18–25,Male,1
U02394,edwardscolton,35,26–35,Male,1
U02395,bcox,32,26–35,Female,3
U02396,jody90,16,<18,Female,1
U02397,qalvarado,22,18–25,Male,1
U02398,richardsonstephen,26,26–35,Female,2
U02399,johnnunez,22,18–25,Male,1
U02400,rodriguezanthony,17,<18,Male,1
U02401,bturner,28,26–35,Male,1
U02402,taylor51,19,18–25,Female,1
U02403,rivasamanda,18,18–25,Female,1
U02404,nmoreno,28,26–35,Male,2
U02405,brooksmichael,25,18–25,Female,1
U02406,stoutjames,23,18–25,Female,2
U02407,narroyo,27,26–35,Male,2
U02408,ynixon,34,26–35,Female,1
U02409,catherine06,24,18–25,Female,1
U02410,vblackburn,18,18–25,Male,12
U02411,swansonjose,31,26–35,Female,1
U02412,kirbycharles,15,<18,Female,1
U02413,umata,25,18–25,Male,2
U02414,jessica21,21,18–25,Male,3
U02415,matthewchaney,33,26–35,Male,11
U02416,jessica99,24,18–25,Female,1
U02417,leslienolan,34,26–35,Female,1
U02418,carrollmartin,23,18–25,Male,1
U02419,ujones,17,<18,Female,1
U02420,valdezbarbara,20,18–25,Female,1
U02421,brownsteven,15,<18,Female,1
U02422,bridgetrivera,21,18–25,Female,1
U02423,bassemily,32,26–35,Female,2
U02424,chadcollins,31,26–35,Female,1
U02425,brittany68,24,18–25,Female,2
U02426,lindamiller,19,18–25,Female,1
U02427,vincent89,31,26–35,Female,15
U02428,buckandrea,30,26–35,Male,2
U02429,kylie71,30,26–35,Female,3
U02430,brianhunter,29,26–35,Male,1
U02431,jamesturner,16,<18,Male,1
U02432,gyoung,30,26–35,Female,15
U02433,snowjoseph,15,<18,Female,1
U02434,mooremathew,31,26–35,Male,1
U02435,destiny40,17,<18,Male,1
U02436,janet40,16,<18,Male,3
U02437,trevortorres,15,<18,Male,1
U02438,millersandra,28,26–35,Female,1
U02439,stokestiffany,22,18–25,Female,1
U02440,foxleah,26,26–35,Female,1
U02441,rebekahtate,33,26–35,Male,1
U02442,madisonmoore,23,18–25,Male,1
U02443,jeremy50,22,18–25,Female,2
U02444,karen32,28,26–35,Female,1
U02445,smithtyler,26,26–35,Female,14
U02446,frankrobinson,29,26–35,Male,2
U02447,johnsmith,31,26–35,Female,1
U02448,bendertrevor,17,<18,Male,2
U02449,sandraunderwood,32,26–35,Male,1
U02450,kendrakirk,30,26–35,Female,1
U02451,vrivera,31,26–35,Male,2
U02452,sarah62,23,18–25,Female,2
U02453,mharris,29,26–35,Female,1
U02454,chelseabeck,28,26–35,Male,2
U02455,thompsonchristopher,34,26–35,Male,1
U02456,tristanwood,35,26–35,Male,1
U02457,melindahill,31,26–35,Female,1
U02458,ushelton,26,26–35,Female,2
U02459,ayersmartha,33,26–35,Male,12
U02460,reyesashley,21,18–25,Female,1
U02461,krystal97,15,<18,Female,2
U02462,martinezmegan,26,26–35,Male,1
U02463,trujillocory,29,26–35,Male,1
U02464,wendy76,21,18–25,Female,1
U02465,umccormick,27,26–35,Male,2
U02466,paul83,23,18–25,Male,4
U02467,careyroger,19,18–25,Male,1
U02468,morriscrystal,29,26–35,Female,3
U02469,tiffany70,21,18–25,Male,2
U02470,jillhaynes,34,26–35,Male,13
U02471,kelly63,16,<18,Female,1
U02472,tina16,17,<18,Male,1
U02473,angela83,31,26–35,Female,1
U02474,prodriguez,27,26–35,Male,1
U02475,wilsoncynthia,35,26–35,Male,1
U02476,wfigueroa,34,26–35,Female,1
U02477,ryanrobin,17,<18,Male,1
U02478,ryan22,30,26–35,Male,2
U02479,scottadams,19,18–25,Female,4
U02480,walshjerry,35,26–35,Male,1
U02481,steven03,29,26–35,Male,1
U02482,jenniferharris,35,26–35,Male,2
U02483,nicole09,25,18–25,Male,1
U02484,newmanangela,25,18–25,Female,4
U02485,christopherstevenson,22,18–25,Male,14
U02486,browntonya,29,26–35,Male,2
U02487,glivingston,23,18–25,Male,1
U02488,daniellealexander,27,26–35,Female,1
U02489,thompsonanne,18,18–25,Male,1
U02490,xmoore,24,18–25,Female,13
U02491,jameschristensen,17,<18,Female,1
U02492,courtneytyler,19,18–25,Male,1
U02493,heatherwebster,22,18–25,Female,1
U02494,cory11,32,26–35,Male,1
U02495,bdavis,28,26–35,Male,2
U02496,luke25,33,26–35,Female,1
U02497,margaret73,26,26–35,Female,2
U02498,dylan64,20,18–25,Female,1
U02499,farrellkeith,28,26–35,Male,1
U02500,brett07,29,26–35,Male,1
U02501,ggrant,16,<18,Female,1
U02502,marie50,16,<18,Female,1
U02503,nholt,16,<18,Female,2
U02504,omoon,34,26–35,Female,4
U02505,kristieharris,35,26–35,Female,1
U02506,jasongriffin,16,<18,Female,1
U02507,millerlindsay,32,26–35,Female,1
U02508,athomas,32,26–35,Male,1
U02509,robert07,24,18–25,Male,3
U02510,pamela57,23,18–25,Male,2
U02511,vasquezmichael,30,26–35,Female,1
U02512,qruiz,15,<18,Female,14
U02513,thompsonmegan,23,18–25,Male,1
U02514,brendan22,17,<18,Male,2
U02515,nicole11,15,<18,Male,11
U02516,gpatrick,32,26–35,Male,1
U02517,brenda54,30,26–35,Female,2
U02518,jgonzales,19,18–25,Female,1
U02519,christina77,29,26–35,Male,2
U02520,stephanie87,29,26–35,Male,1
U02521,virginiamckee,25,18–25,Male,4
U02522,lrobles,21,18–25,Female,1
U02523,brookscarrie,31,26–35,Male,1
U02524,gloriarollins,32,26–35,Male,1
U02525,thomasjulie,25,18–25,Male,1
U02526,maria48,30,26–35,Female,2
U02527,coleroy,32,26–35,Female,1
U02528,robert60,35,26–35,Male,1
U02529,dunnamy,17,<18,Female,3
U02530,jblanchard,21,18–25,Male,1
U02531,mikemcmahon,22,18–25,Female,4
U02532,haley17,26,26–35,Male,1
U02533,alan48,18,18–25,Female,1
U02534,toddthomas,25,18–25,Female,2
U02535,scottwallace,26,26–35,Female,2
U02536,mark89,16,<18,Male,2
U02537,patriciaherrera,31,26–35,Female,12
U02538,ogregory,18,18–25,Male,1
U02539,echristian,20,18–25,Female,2
U02540,dphillips,33,26–35,Female,15
U02541,rubiomichelle,18,18–25,Female,13
U02542,zholloway,35,26–35,Female,13
U02543,rayduncan,28,26–35,Male,1
U02544,omarhill,29,26–35,Male,1
U02545,dianewebster,16,<18,Female,2
U02546,smithamy,27,26–35,Female,1
U02547,ryanallen,30,26–35,Female,1
U02548,stephenclark,25,18–25,Male,2
U02549,andrewatkins,27,26–35,Male,1
U02550,rebeccajones,18,18–25,Male,1
U02551,schneidermary,25,18–25,Male,1
U02552,donovandylan,27,26–35,Male,1
U02553,richardmoreno,35,26–35,Female,2
U02554,sandersmarcia,32,26–35,Male,1
U02555,smithlauren,15,<18,Male,1
U02556,andersonraymond,18,18–25,Female,1
U02557,heatherdurham,25,18–25,Female,1
U02558,emily94,23,18–25,Female,4
U02559,shermanryan,33,26–35,Female,1
U02560,nicole69,22,18–25,Male,1
U02561,lewisbrian,33,26–35,Male,1
U02562,richardsonryan,18,18–25,Male,4
U02563,josephpatton,27,26–35,Male,1
U02564,johnwallace,19,18–25,Female,13
U02565,hgibson,32,26–35,Male,1
U02566,stevenbennett,30,26–35,Female,14
U02567,jeremycunningham,35,26–35,Male,1
U02568,parker04,33,26–35,Female,2
U02569,gomezjoseph,35,26–35,Female,1
U02570,jasonlopez,25,18–25,Female,1
U02571,youngmarcus,20,18–25,Female,1
U02572,michaelrivera,33,26–35,Female,1
U02573,christinaduncan,28,26–35,Female,1
U02574,whitneyharris,24,18–25,Male,1
U02575,burtonjill,30,26–35,Female,2
U02576,jlucas,17,<18,Female,1
U02577,wlogan,21,18–25,Female,2
U02578,dawnthomas,15,<18,Male,1
U02579,john68,28,26–35,Female,1
U02580,schneidercourtney,17,<18,Female,1
U02581,aaronmitchell,22,18–25,Female,2
U02582,denisefuller,23,18–25,Male,15
U02583,benjamin13,33,26–35,Male,14
U02584,hobbstonya,20,18–25,Male,2
U02585,ashields,32,26–35,Male,2
U02586,kbaker,23,18–25,Male,1
U02587,sgonzales,30,26–35,Male,2
U02588,amycortez,18,18–25,Male,1
U02589,davidfrancis,26,26–35,Female,1
U02590,michaelwilliams,20,18–25,Male,2
U02591,oberry,33,26–35,Male,1
U02592,gibbsbrian,15,<18,Male,2
U02593,thunter,16,<18,Male,12
U02594,dawn83,18,18–25,Female,1
U02595,jrogers,17,<18,Male,1
U02596,dickersoneugene,19,18–25,Female,1
U02597,tarnold,17,<18,Female,2
U02598,nicole35,25,18–25,Female,1
U02599,joel17,33,26–35,Female,2
U02600,howardpotter,17,<18,Male,3
U02601,cabreradevin,19,18–25,Female,4
U02602,mjohnson,33,26–35,Male,13
U02603,fosterwilliam,31,26–35,Female,1
U02604,ericaweaver,16,<18,Male,1
U02605,leachkayla,22,18–25,Male,12
U02606,phernandez,24,18–25,Male,1
U02607,andrew44,22,18–25,Male,1
U02608,tiffanylawrence,30,26–35,Male,1
U02609,robertwright,15,<18,Male,2
U02610,zacharybooth,19,18–25,Male,1
U02611,uschmidt,17,<18,Female,1
U02612,acamacho,22,18–25,Male,14
U02613,josephsloan,23,18–25,Female,2
U02614,caldwelljill,30,26–35,Female,13
U02615,valdezalyssa,33,26–35,Male,2
U02616,shorn,19,18–25,Female,13
U02617,jameschristopher,23,18–25,Female,4
U02618,shericrawford,23,18–25,Male,3
U02619,jason86,24,18–25,Female,1
U02620,justinmurphy,30,26–35,Female,2
U02621,psimon,34,26–35,Female,1
U02622,michaelmartinez,32,26–35,Female,1
U02623,elizabethallen,32,26–35,Female,11
U02624,rogersmichael,16,<18,Female,3
U02625,gibsonanthony,22,18–25,Female,2
U02626,katrina61,21,18–25,Female,3
U02627,sarah95,26,26–35,Female,1
U02628,oneillkyle,33,26–35,Female,1
U02629,pateljennifer,35,26–35,Female,1
U02630,ellenbruce,20,18–25,Male,12
U02631,sandrawood,23,18–25,Male,1
U02632,eric72,22,18–25,Female,1
U02633,stephaniegray,19,18–25,Female,14
U02634,tinaanderson,29,26–35,Female,1
U02635,amberjones,16,<18,Male,1
U02636,jill35,20,18–25,Male,1
U02637,rosskevin,28,26–35,Male,2
U02638,uherring,31,26–35,Female,1
U02639,hicksthomas,22,18–25,Female,1
U02640,denniswashington,34,26–35,Female,3
U02641,moralesdaniel,30,26–35,Male,1
U02642,kleinamanda,33,26–35,Male,1
U02643,christophersantana,17,<18,Female,15
U02644,smithmelissa,23,18–25,Male,4
U02645,walter34,26,26–35,Female,10
U02646,judygomez,26,26–35,Male,2
U02647,michael64,20,18–25,Female,1
U02648,walvarez,28,26–35,Female,1
U02649,geoffrey71,34,26–35,Female,1
U02650,jared54,29,26–35,Female,2
U02651,blake28,16,<18,Female,16
U02652,mcguiregabriel,15,<18,Male,1
U02653,tiffanyolson,34,26–35,Male,1
U02654,ramirezmatthew,27,26–35,Male,1
U02655,qschultz,32,26–35,Male,1
U02656,ysimpson,34,26–35,Female,1
U02657,lambgregory,31,26–35,Male,1
U02658,rivasbrian,30,26–35,Male,3
U02659,michael89,17,<18,Male,2
U02660,charles20,31,26–35,Female,1
U02661,darrenburgess,27,26–35,Male,1
U02662,pachecojames,32,26–35,Male,2
U02663,coffeydennis,27,26–35,Female,14
U02664,andersonlaura,22,18–25,Female,1
U02665,williambriggs,21,18–25,Female,1
U02666,clarktyler,19,18–25,Male,1
U02667,yhenderson,22,18–25,Female,1
U02668,angelarodriguez,26,26–35,Male,3
U02669,yangbrandon,25,18–25,Male,2
U02670,jessica48,25,18–25,Female,1
U02671,jeffreyharvey,15,<18,Female,1
U02672,knightregina,32,26–35,Male,14
U02673,sheaamanda,19,18–25,Female,1
U02674,mccarthynicholas,28,26–35,Female,1
U02675,christopher32,34,26–35,Female,4
U02676,williamskyle,15,<18,Male,1
U02677,bakerchristina,33,26–35,Male,3
U02678,karina24,19,18–25,Female,1
U02679,vlang,18,18–25,Male,11
U02680,whaynes,19,18–25,Female,1
U02681,fmorgan,33,26–35,Male,1
U02682,keyjeremy,35,26–35,Female,1
U02683,jake76,28,26–35,Male,15
U02684,kristen36,28,26–35,Male,14
U02685,yvettescott,27,26–35,Female,1
U02686,brandon82,19,18–25,Female,4
U02687,riossierra,34,26–35,Male,1
U02688,kimberly14,26,26–35,Female,1
U02689,zgarcia,27,26–35,Male,1
U02690,nancy75,24,18–25,Male,4
U02691,william49,19,18–25,Female,1
U02692,castilloaaron,23,18–25,Male,3
U02693,jperry,19,18–25,Male,1
U02694,kellyemily,30,26–35,Female,2
U02695,fsmith,30,26–35,Male,1
U02696,ashley80,25,18–25,Female,2
U02697,tracymosley,22,18–25,Female,4
U02698,gutierrezthomas,18,18–25,Female,12
U02699,kleinkenneth,16,<18,Female,1
U02700,derrickdudley,18,18–25,Female,1
U02701,jessica75,23,18–25,Female,4
U02702,reginald61,15,<18,Male,2
U02703,bonnie51,30,26–35,Male,1
U02704,bprice,23,18–25,Female,1
U02705,mburns,31,26–35,Male,2
U02706,brittanygalvan,21,18–25,Female,1
U02707,ortizjulie,19,18–25,Female,1
U02708,david95,25,18–25,Male,1
U02709,ginareeves,19,18–25,Female,12
U02710,morrowkyle,23,18–25,Female,1
U02711,dustin11,20,18–25,Male,2
U02712,lopezjessica,34,26–35,Female,2
U02713,hannah18,32,26–35,Female,1
U02714,breanna67,17,<18,Male,1
U02715,ericfoster,22,18–25,Male,2
U02716,fmclaughlin,27,26–35,Female,2
U02717,lmills,31,26–35,Male,1
U02718,dmorrison,27,26–35,Male,1
U02719,oblair,29,26–35,Male,1
U02720,gsteele,22,18–25,Male,1
U02721,jcannon,26,26–35,Male,1
U02722,nwillis,23,18–25,Female,1
U02723,osmith,25,18–25,Female,1
U02724,michelle44,35,26–35,Male,1
U02725,brandon33,23,18–25,Male,1
U02726,hrush,25,18–25,Female,4
U02727,harrisjames,34,26–35,Male,2
U02728,adrian62,33,26–35,Female,1
U02729,thomasbutler,20,18–25,Male,1
U02730,jameschan,27,26–35,Female,1
U02731,ellenmills,26,26–35,Male,1
U02732,sean10,26,26–35,Male,1
U02733,lopezangela,31,26–35,Male,14
U02734,tswanson,15,<18,Female,1
U02735,mary88,34,26–35,Female,1
U02736,chapmankaren,15,<18,Male,1
U02737,thomasbrittany,23,18–25,Male,1
U02738,adunn,16,<18,Female,1
U02739,vbradley,15,<18,Female,1
U02740,rebeccaellis,31,26–35,Male,1
U02741,cameronvictor,18,18–25,Male,1
U02742,gregorymiller,25,18–25,Female,2
U02743,khart,33,26–35,Male,14
U02744,marisaallen,24,18–25,Female,1
U02745,gregory01,18,18–25,Female,1
U02746,lindseypatrick,28,26–35,Male,3
U02747,atorres,30,26–35,Male,3
U02748,rgutierrez,27,26–35,Female,2
U02749,josephkaren,30,26–35,Male,2
U02750,christyking,23,18–25,Female,2
U02751,russorenee,24,18–25,Female,1
U02752,martineznancy,32,26–35,Female,1
U02753,elittle,26,26–35,Female,1
U02754,tannerwright,34,26–35,Male,13
U02755,zlove,30,26–35,Female,1
U02756,hwhite,32,26–35,Female,2
U02757,ralphjohnson,16,<18,Male,1
U02758,susan35,25,18–25,Female,2
U02759,egibbs,20,18–25,Female,2
U02760,laura80,31,26–35,Male,3
U02761,nicholasrivera,31,26–35,Female,4
U02762,thomas14,21,18–25,Female,2
U02763,hartemily,28,26–35,Male,3
U02764,james00,32,26–35,Male,1
U02765,benjamin95,21,18–25,Male,1
U02766,chapmanbrandon,19,18–25,Male,1
U02767,cole39,31,26–35,Male,14
U02768,garciaandre,34,26–35,Female,2
U02769,kristinwhite,19,18–25,Male,3
U02770,kimberlykeller,31,26–35,Male,14
U02771,courtney04,18,18–25,Female,1
U02772,zsosa,31,26–35,Male,1
U02773,edward26,26,26–35,Male,1
U02774,ccastillo,19,18–25,Male,1
U02775,kimberly18,24,18–25,Female,12
U02776,rochageorge,20,18–25,Female,2
U02777,jill42,27,26–35,Male,1
U02778,karengutierrez,29,26–35,Male,3
U02779,michelle28,19,18–25,Female,3
U02780,diana33,26,26–35,Female,2
U02781,lindsey05,24,18–25,Female,3
U02782,scottferrell,25,18–25,Male,1
U02783,uharrington,30,26–35,Female,1
U02784,robrien,23,18–25,Male,2
U02785,sweeneyheather,25,18–25,Female,1
U02786,cburch,25,18–25,Male,12
U02787,uwilson,21,18–25,Male,1
U02788,kristinjones,20,18–25,Female,12
U02789,erinpeters,21,18–25,Male,4
U02790,isaac47,25,18–25,Male,1
U02791,williamsmonica,27,26–35,Male,13
U02792,heidiliu,27,26–35,Female,14
U02793,kristen50,22,18–25,Female,14
U02794,ritasmith,33,26–35,Female,2
U02795,stewartmichael,31,26–35,Male,1
U02796,sbrown,33,26–35,Male,1
U02797,lori68,34,26–35,Male,1
U02798,vjohnson,28,26–35,Female,1
U02799,tammymoore,17,<18,Male,1
U02800,peterforbes,34,26–35,Male,1
U02801,benjamin14,15,<18,Female,3
U02802,david57,15,<18,Female,1
U02803,tpeterson,26,26–35,Male,2
U02804,rachel54,24,18–25,Male,1
U02805,thomasrice,16,<18,Male,1
U02806,melissaerickson,28,26–35,Male,1
U02807,perkinsjason,18,18–25,Female,4
U02808,jasonrush,35,26–35,Male,2
U02809,kimberly35,32,26–35,Male,2
U02810,colemantina,18,18–25,Female,1
U02811,john38,21,18–25,Male,1
U02812,kellyjohn,17,<18,Male,1
U02813,jamestaylor,27,26–35,Male,1
U02814,brianlove,27,26–35,Female,2
U02815,april19,15,<18,Female,4
U02816,bennettanthony,25,18–25,Male,1
U02817,michelelara,33,26–35,Male,1
U02818,tylerthomas,32,26–35,Male,1
U02819,cunninghamrichard,20,18–25,Female,2
U02820,denise57,30,26–35,Male,1
U02821,johnsonnicole,27,26–35,Male,11
U02822,collin94,15,<18,Male,1
U02823,gregorymorris,31,26–35,Male,2
U02824,juanromero,28,26–35,Female,1
U02825,davidford,34,26–35,Male,13
U02826,wforbes,25,18–25,Male,1
U02827,samuelpalmer,17,<18,Male,1
U02828,nicole44,32,26–35,Female,2
U02829,sjackson,19,18–25,Female,1
U02830,matthewmata,34,26–35,Female,1
U02831,adam49,22,18–25,Female,1
U02832,charlesdouglas,31,26–35,Male,11
U02833,stephensdavid,21,18–25,Female,2
U02834,michaelcruz,17,<18,Male,1
U02835,eanderson,31,26–35,Male,1
U02836,loganmiller,17,<18,Female,1
U02837,drakematthew,31,26–35,Male,2
U02838,qneal,35,26–35,Male,2
U02839,danielreid,18,18–25,Female,4
U02840,johnsonbenjamin,29,26–35,Female,1
U02841,walter01,27,26–35,Female,1
U02842,rogerwalter,20,18–25,Female,2
U02843,juliafritz,26,26–35,Male,14
U02844,marc84,21,18–25,Female,12
U02845,kfischer,22,18–25,Male,1
U02846,fburns,29,26–35,Female,1
U02847,joseph72,27,26–35,Male,1
U02848,tanya54,23,18–25,Male,1
U02849,timothy20,31,26–35,Female,1
U02850,umorales,25,18–25,Female,13
U02851,xreed,30,26–35,Male,1
U02852,chansen,23,18–25,Male,1
U02853,williamflores,25,18–25,Male,1
U02854,amy04,28,26–35,Male,1
U02855,knightmichael,18,18–25,Female,1
U02856,isaacrobinson,19,18–25,Female,1
U02857,john46,35,26–35,Male,12
U02858,randywilliams,16,<18,Female,4
U02859,michaelwalker,26,26–35,Female,2
U02860,pelliott,17,<18,Male,1
U02861,jbaker,29,26–35,Male,1
U02862,michelle27,27,26–35,Male,2
U02863,pmckay,29,26–35,Male,1
U02864,robinsonjessica,25,18–25,Female,1
U02865,tami37,35,26–35,Female,1
U02866,tommydelgado,20,18–25,Male,2
U02867,arussell,19,18–25,Male,2
U02868,ryan81,25,18–25,Male,2
U02869,samanthaestrada,26,26–35,Female,1
U02870,evansrachel,27,26–35,Male,1
U02871,jessica49,19,18–25,Female,1
U02872,reesejennifer,21,18–25,Female,2
U02873,henrychristine,33,26–35,Female,3
U02874,utucker,32,26–35,Male,11
U02875,michaelscott,27,26–35,Female,1
U02876,rothalexis,24,18–25,Female,1
U02877,pattonmichael,28,26–35,Male,1
U02878,palmeralexander,23,18–25,Male,2
U02879,keithcrawford,16,<18,Female,1
U02880,martinezedward,21,18–25,Female,1
U02881,uhobbs,27,26–35,Male,4
U02882,fgarcia,33,26–35,Female,1
U02883,karenshaffer,16,<18,Female,12
U02884,vkent,31,26–35,Female,3
U02885,cassandra14,22,18–25,Male,3
U02886,smithkim,35,26–35,Male,3
U02887,jessicafields,30,26–35,Male,4
U02888,alynch,20,18–25,Male,1
U02889,gbenson,28,26–35,Female,1
U02890,djackson,18,18–25,Male,2
U02891,ecarlson,27,26–35,Female,3
U02892,bsullivan,26,26–35,Female,1
U02893,cheryl52,22,18–25,Male,1
U02894,paula68,15,<18,Female,1
U02895,nicole26,21,18–25,Female,2
U02896,zacharycox,30,26–35,Male,1
U02897,kellyprice,27,26–35,Male,1
U02898,johnstonmary,22,18–25,Female,4
U02899,jennifersoto,28,26–35,Female,13
U02900,jimmyshaffer,35,26–35,Male,1
U02901,halljeremiah,30,26–35,Male,1
U02902,raymondnathan,27,26–35,Male,2
U02903,spenceralejandra,27,26–35,Male,1
U02904,gonzalesteresa,18,18–25,Male,1
U02905,youngmatthew,27,26–35,Female,2
U02906,angelalane,24,18–25,Male,3
U02907,john64,17,<18,Female,2
U02908,ryan37,34,26–35,Male,1
U02909,spowell,19,18–25,Female,14
U02910,kimberly62,35,26–35,Female,1
U02911,grayjames,34,26–35,Female,1
U02912,levi84,27,26–35,Male,2
U02913,wilsonbarbara,22,18–25,Female,1
U02914,ryanaguilar,31,26–35,Female,2
U02915,kimcurtis,33,26–35,Female,14
U02916,shortscott,20,18–25,Male,15
U02917,lorrainebryant,32,26–35,Female,1
U02918,melissa07,19,18–25,Female,2
U02919,margaretmendoza,25,18–25,Male,1
U02920,jenniferparker,17,<18,Male,1
U02921,martinezsusan,16,<18,Female,1
U02922,kelliewaters,25,18–25,Male,1
U02923,zlloyd,27,26–35,Male,3
U02924,kathy70,21,18–25,Female,1
U02925,danielle01,18,18–25,Female,4
U02926,fletcherchad,24,18–25,Male,1
U02927,shawfrancis,20,18–25,Male,15
U02928,jose36,26,26–35,Male,1
U02929,rodriguezdaniel,16,<18,Female,1
U02930,richard82,26,26–35,Female,1
U02931,gutierreznicholas,28,26–35,Female,15
U02932,vwong,17,<18,Female,1
U02933,harristonya,34,26–35,Male,1
U02934,curtisgrant,29,26–35,Female,1
U02935,ijames,25,18–25,Female,2
U02936,jenniferochoa,35,26–35,Female,2
U02937,tylerbrown,23,18–25,Male,13
U02938,rbaldwin,28,26–35,Male,1
U02939,dunnandrea,18,18–25,Female,1
U02940,qnolan,18,18–25,Female,3
U02941,herreradanielle,22,18–25,Male,12
U02942,yolandavaldez,18,18–25,Male,3
U02943,lhiggins,19,18–25,Female,1
U02944,tanderson,23,18–25,Female,1
U02945,lunaemily,23,18–25,Female,12
U02946,jenniferellis,18,18–25,Female,1
U02947,perezbrittany,18,18–25,Female,11
U02948,ashleykirby,33,26–35,Male,1
U02949,wjordan,17,<18,Female,2
U02950,wattschelsea,35,26–35,Male,4
U02951,daniel62,28,26–35,Male,1
U02952,nathan85,32,26–35,Male,2
U02953,hilljacob,21,18–25,Male,1
U02954,debra50,35,26–35,Female,2
U02955,bryanaudrey,25,18–25,Male,1
U02956,bryantgabriel,18,18–25,Male,2
U02957,moralesjoseph,31,26–35,Male,1
U02958,pcross,33,26–35,Male,12
U02959,huntererik,29,26–35,Male,2
U02960,smithbarry,24,18–25,Male,1
U02961,michael52,25,18–25,Female,1
U02962,katie12,23,18–25,Male,1
U02963,nliu,18,18–25,Female,1
U02964,amandajohnson,33,26–35,Male,1
U02965,emma46,16,<18,Male,1
U02966,shawncampbell,26,26–35,Female,4
U02967,michael85,21,18–25,Male,1
U02968,karenjimenez,34,26–35,Female,2
U02969,bellangelica,18,18–25,Female,13
U02970,lmorgan,34,26–35,Male,2
U02971,robertseddie,20,18–25,Female,13
U02972,zwilson,35,26–35,Male,2
U02973,goodwinbryan,28,26–35,Female,1
U02974,barnettkaitlyn,31,26–35,Female,14
U02975,saramiller,22,18–25,Male,1
U02976,christopherellis,28,26–35,Female,16
U02977,ydavis,33,26–35,Male,1
U02978,donaldjenkins,18,18–25,Female,4
U02979,dkim,26,26–35,Male,1
U02980,yodonnell,27,26–35,Male,12
U02981,usloan,23,18–25,Male,14
U02982,xfischer,20,18–25,Female,1
U02983,timothybennett,35,26–35,Female,1
U02984,coleandrew,35,26–35,Female,14
U02985,maynardlisa,35,26–35,Male,1
U02986,sanchezdustin,16,<18,Male,2
U02987,qmiller,26,26–35,Male,1
U02988,anthonyhampton,17,<18,Male,1
U02989,neil55,22,18–25,Male,11
U02990,timothy15,22,18–25,Male,2
U02991,andrea88,27,26–35,Female,1
U02992,michelle74,24,18–25,Female,12
U02993,cummingsdawn,20,18–25,Female,1
U02994,rhodesjames,31,26–35,Female,14
U02995,larryhunter,16,<18,Male,1
U02996,rebeccamccoy,32,26–35,Male,1
U02997,jburke,21,18–25,Female,1
U02998,choikendra,33,26–35,Male,1
U02999,rachelmalone,20,18–25,Male,1
U03000,harperdouglas,15,<18,Male,1
